#
# A fatal error has been detected by the Java Runtime Environment:
#
#  EXCEPTION_ACCESS_VIOLATION (0xc0000005) at pc=0x00007ffca1fa3543, pid=12284, tid=12960
#
# JRE version: OpenJDK Runtime Environment Temurin-21.0.9+10 (21.0.9+10) (build 21.0.9+10-LTS)
# Java VM: OpenJDK 64-Bit Server VM Temurin-21.0.9+10 (21.0.9+10-LTS, mixed mode, sharing, tiered, compressed oops, compressed class ptrs, g1 gc, windows-amd64)
# Problematic frame:
# V  [jvm.dll+0x6b3543]
#
# No core dump will be written. Minidumps are not enabled by default on client versions of Windows
#
# If you would like to submit a bug report, please visit:
#   https://github.com/adoptium/adoptium-support/issues
#

---------------  S U M M A R Y ------------

Command Line: --add-opens=java.base/java.lang=ALL-UNNAMED --add-opens=java.base/java.lang.invoke=ALL-UNNAMED --add-opens=java.base/java.util=ALL-UNNAMED --add-opens=java.prefs/java.util.prefs=ALL-UNNAMED --add-exports=jdk.compiler/com.sun.tools.javac.api=ALL-UNNAMED --add-exports=jdk.compiler/com.sun.tools.javac.util=ALL-UNNAMED --add-opens=java.base/java.util=ALL-UNNAMED --add-opens=java.prefs/java.util.prefs=ALL-UNNAMED --add-opens=java.base/java.nio.charset=ALL-UNNAMED --add-opens=java.base/java.net=ALL-UNNAMED --add-opens=java.base/java.util.concurrent=ALL-UNNAMED --add-opens=java.base/java.util.concurrent.atomic=ALL-UNNAMED --add-opens=java.xml/javax.xml.namespace=ALL-UNNAMED --add-opens=java.base/java.time=ALL-UNNAMED -Xmx2048m -Dfile.encoding=UTF-8 -Duser.country=GB -Duser.language=en -Duser.variant -javaagent:C:\Users\jacob\.gradle\wrapper\dists\gradle-9.3.0-bin\79n14ral3mx1ozqr3csh2u872\gradle-9.3.0\lib\agents\gradle-instrumentation-agent-9.3.0.jar org.gradle.launcher.daemon.bootstrap.GradleDaemon 9.3.0

Host: Intel(R) Core(TM) i9-14900HX, 32 cores, 31G,  Windows 11 , 64 bit Build 26100 (10.0.26100.8328)
Time: Sat Aug  1 18:08:19 2026 GMT Summer Time elapsed time: 22.870184 seconds (0d 0h 0m 22s)

---------------  T H R E A D  ---------------

Current thread (0x000002232bf81e60):  JavaThread "C2 CompilerThread1" daemon [_thread_in_native, id=12960, stack(0x00000023d7c00000,0x00000023d7d00000) (1024K)]


Current CompileTask:
C2:22870 17779 %     4       sun.security.provider.SHA5::implCompress0 @ 27 (346 bytes)

Stack: [0x00000023d7c00000,0x00000023d7d00000],  sp=0x00000023d7cfc380,  free space=1008k
Native frames: (J=compiled Java code, j=interpreted, Vv=VM code, C=native code)
V  [jvm.dll+0x6b3543]
V  [jvm.dll+0x6ff003]
V  [jvm.dll+0x6ffbdc]
V  [jvm.dll+0x70050a]
V  [jvm.dll+0x3bfa11]
V  [jvm.dll+0x3bf4fc]
V  [jvm.dll+0x700410]
V  [jvm.dll+0x6fe8f3]
V  [jvm.dll+0x24e02f]
V  [jvm.dll+0x24b482]
V  [jvm.dll+0x1cb13e]
V  [jvm.dll+0x25b29d]
V  [jvm.dll+0x25982a]
V  [jvm.dll+0x3f7ea6]
V  [jvm.dll+0x85e9ad]
V  [jvm.dll+0x6d565d]
C  [ucrtbase.dll+0x37b0]
C  [KERNEL32.DLL+0x2e957]
C  [ntdll.dll+0x427c]


siginfo: EXCEPTION_ACCESS_VIOLATION (0xc0000005), reading address 0x0000000000000013


Registers:
RAX=0x0000000000000002, RBX=0x0000022330a7dae0, RCX=0x0000000000000013, RDX=0x00000223320b1948
RSP=0x00000023d7cfc380, RBP=0x0000000000000000, RSI=0x0000000000000001, RDI=0x0000000000000000
R8 =0x0000000000000002, R9 =0x00000223320b1948, R10=0x0000022330a7db38, R11=0x0000022330a7db40
R12=0x00000223324be318, R13=0x00000223320b1948, R14=0x0000000000000008, R15=0x00000023d7cfc870
RIP=0x00007ffca1fa3543, EFLAGS=0x0000000000010202

XMM[0]=0x0000000000000000 0x0000000000000000
XMM[1]=0x00000223fffffff9 0x0000022330d38390
XMM[2]=0x00000222e1f634e0 0x00000222e1f62bf8
XMM[3]=0x000002232b32f888 0x00000222e1f63580
XMM[4]=0x0000022332adc3f0 0x0000022332adc000
XMM[5]=0x0000022332ae23b8 0x0000022332ae23b8
XMM[6]=0x0000000000000000 0x0000000000000000
XMM[7]=0x0000000000000000 0x0000000000000000
XMM[8]=0x0000000000000000 0x0000000000000000
XMM[9]=0x0000000000000000 0x0000000000000000
XMM[10]=0x0000000000000000 0x0000000000000000
XMM[11]=0x0000000000000000 0x0000000000000000
XMM[12]=0x0000000000000000 0x0000000000000000
XMM[13]=0x0000000000000000 0x0000000000000000
XMM[14]=0x0000000000000000 0x0000000000000000
XMM[15]=0x0000000000000000 0x0000000000000000
  MXCSR=0x00001fa0


Register to memory mapping:

RAX=0x0000000000000002 is an unknown value
RBX=0x0000022330a7dae0 points into unknown readable memory: 0x00007ffca22f9960 | 60 99 2f a2 fc 7f 00 00
RCX=0x0000000000000013 is an unknown value
RDX=0x00000223320b1948 points into unknown readable memory: 0x00007ffca22ddfd0 | d0 df 2d a2 fc 7f 00 00
RSP=0x00000023d7cfc380 is pointing into the stack for thread: 0x000002232bf81e60
RBP=0x0 is null
RSI=0x0000000000000001 is an unknown value
RDI=0x0 is null
R8 =0x0000000000000002 is an unknown value
R9 =0x00000223320b1948 points into unknown readable memory: 0x00007ffca22ddfd0 | d0 df 2d a2 fc 7f 00 00
R10=0x0000022330a7db38 points into unknown readable memory: 0x0000000000000000 | 00 00 00 00 00 00 00 00
R11=0x0000022330a7db40 points into unknown readable memory: 0x00000223320b1948 | 48 19 0b 32 23 02 00 00
R12=0x00000223324be318 points into unknown readable memory: 0x000002233162fed0 | d0 fe 62 31 23 02 00 00
R13=0x00000223320b1948 points into unknown readable memory: 0x00007ffca22ddfd0 | d0 df 2d a2 fc 7f 00 00
R14=0x0000000000000008 is an unknown value
R15=0x00000023d7cfc870 is pointing into the stack for thread: 0x000002232bf81e60

Top of Stack: (sp=0x00000023d7cfc380)
0x00000023d7cfc380:   0000022330a7dae0 00000222e1f65ee8
0x00000023d7cfc390:   0000000000000001 00007ffca1fee099
0x00000023d7cfc3a0:   0000022330a7dae0 0000000000008300
0x00000023d7cfc3b0:   00000223338cc520 00000223320b1948
0x00000023d7cfc3c0:   000002233162fed0 00007ffca1fef003
0x00000023d7cfc3d0:   0000000000000001 00000023d7cfc870
0x00000023d7cfc3e0:   0000022329954380 00000000fffffff0
0x00000023d7cfc3f0:   000002232995c088 000002232995c288
0x00000023d7cfc400:   000002232995c088 00000223338cc520
0x00000023d7cfc410:   0000022330a7dae0 00000023d7cfc870
0x00000023d7cfc420:   000002232b614fa8 00000000fffffff0
0x00000023d7cfc430:   00000223320b1948 0000022330a7db48
0x00000023d7cfc440:   00000023d7cfc870 00007ffca1fefbdc
0x00000023d7cfc450:   00000223320b1948 000002232995c088
0x00000023d7cfc460:   000002232995c368 00000000000083b0
0x00000023d7cfc470:   0000022330d38760 00000023d7cfc870
0x00000023d7cfc480:   0000022330a7dae0 00000000fffffff0
0x00000023d7cfc490:   00000023d7cfc870 0000022330d38390
0x00000023d7cfc4a0:   0000022330a7dae0 00007ffca1ff050a
0x00000023d7cfc4b0:   00000023d7cfc870 fffffffffffffff7
0x00000023d7cfc4c0:   ffffffffffffffff 00000223320b1948
0x00000023d7cfc4d0:   0000022330a7da50 00007ffca1cafa11
0x00000023d7cfc4e0:   0000000000000001 00000223320b18e0
0x00000023d7cfc4f0:   0000022330a7da50 00000223320b0878
0x00000023d7cfc500:   0000022330d38340 00007ffca1caf654
0x00000023d7cfc510:   0000000000000000 0000000000000014
0x00000023d7cfc520:   00000023d7cfc870 0000000000000004
0x00000023d7cfc530:   0000022330d38760 00007ffca1caf4fc
0x00000023d7cfc540:   00000223320b0a88 00000023d7cfc5b8
0x00000023d7cfc550:   0000022330d38508 0000000000000001
0x00000023d7cfc560:   00000223fffffff0 00000023d7cfc870
0x00000023d7cfc570:   0000000130d38501 00000000fffffffe 

Instructions: (pc=0x00007ffca1fa3543)
0x00007ffca1fa3443:   48 8b 45 08 8b 04 90 44 0f a3 c0 72 3c 3b 53 20
0x00007ffca1fa3453:   73 10 48 8b 43 28 48 8d 14 90 8b 02 44 0f b3 c0
0x00007ffca1fa3463:   89 02 ff 4b 18 8b 4b 18 48 8b 43 10 48 8b 34 c8
0x00007ffca1fa3473:   3b 7b 08 72 0a 8b d7 48 8b cb e8 ae ea ff ff 48
0x00007ffca1fa3483:   8b 43 10 ff cf 49 89 34 06 ff c7 3b 7b 18 72 8d
0x00007ffca1fa3493:   4c 8b 74 24 38 48 8b 74 24 30 48 8b 5c 24 40 48
0x00007ffca1fa34a3:   8b 6c 24 48 48 83 c4 20 5f c3 cc cc cc 40 53 57
0x00007ffca1fa34b3:   41 55 41 57 48 83 ec 28 4d 8b f9 49 8b f8 4c 8b
0x00007ffca1fa34c3:   ea 48 8b d9 49 3b d0 75 0d 33 c0 48 83 c4 28 41
0x00007ffca1fa34d3:   5f 41 5d 5f 5b c3 44 8b 41 1c 48 89 6c 24 50 33
0x00007ffca1fa34e3:   ed 48 89 74 24 58 8b f5 45 85 c0 0f 84 66 01 00
0x00007ffca1fa34f3:   00 8b 0d ee a0 63 00 65 48 8b 04 25 58 00 00 00
0x00007ffca1fa3503:   4c 89 64 24 60 4c 89 74 24 20 4c 8d 24 c8 4c 8b
0x00007ffca1fa3513:   53 08 8b c6 4c 8d 34 c5 00 00 00 00 4f 8b 0c 16
0x00007ffca1fa3523:   4f 8d 1c 16 4d 3b cd 0f 85 11 01 00 00 8b 43 18
0x00007ffca1fa3533:   3b f0 0f 83 7c 00 00 00 4d 85 ff 74 15 4d 8b cf
0x00007ffca1fa3543:   4c 8b c7 8b d6 48 8b cb e8 f0 c1 04 00 e9 ea 00
0x00007ffca1fa3553:   00 00 4d 85 c9 74 2d 49 8b 49 10 48 85 c9 74 24
0x00007ffca1fa3563:   41 8b 41 20 48 8d 14 c1 0f 1f 44 00 00 48 39 5a
0x00007ffca1fa3573:   f8 48 8d 52 f8 75 f6 ff c8 41 89 41 20 48 8b 0c
0x00007ffca1fa3583:   c1 48 89 0a 49 89 3b 48 85 ff 74 0b 48 8b d3 48
0x00007ffca1fa3593:   8b cf e8 b6 a8 9d ff 49 8b 04 24 b9 70 00 00 00
0x00007ffca1fa35a3:   80 3c 01 00 0f 85 92 00 00 00 e8 ae 0b 2a 00 e9
0x00007ffca1fa35b3:   88 00 00 00 4c 3b cf 0f 84 7f 00 00 00 48 85 ff
0x00007ffca1fa35c3:   74 70 41 3b c0 73 24 66 0f 1f 44 00 00 8b c8 49
0x00007ffca1fa35d3:   8b 14 ca 48 3b d7 74 0e 48 85 d2 74 0e ff c0 41
0x00007ffca1fa35e3:   3b c0 72 e9 eb 05 83 f8 ff 75 47 4d 85 c9 74 28
0x00007ffca1fa35f3:   49 8b 49 10 48 85 c9 74 1f 41 8b 41 20 48 8d 14
0x00007ffca1fa3603:   c1 48 39 5a f8 48 8d 52 f8 75 f6 ff c8 41 89 41
0x00007ffca1fa3613:   20 48 8b 0c c1 48 89 0a 48 8b 43 08 48 8b d3 48
0x00007ffca1fa3623:   8b cf 49 89 3c 06 e8 22 a8 9d ff e8 1d 0f 96 ff
0x00007ffca1fa3633:   eb 0a 8b d6 48 8b cb e8 e1 00 00 00 ff c5 44 8b 


Stack slot to memory mapping:

stack at sp + 0 slots: 0x0000022330a7dae0 points into unknown readable memory: 0x00007ffca22f9960 | 60 99 2f a2 fc 7f 00 00
stack at sp + 1 slots: 0x00000222e1f65ee8 points into unknown readable memory: 0x00007ffca23abd38 | 38 bd 3a a2 fc 7f 00 00
stack at sp + 2 slots: 0x0000000000000001 is an unknown value
stack at sp + 3 slots: 0x00007ffca1fee099 jvm.dll
stack at sp + 4 slots: 0x0000022330a7dae0 points into unknown readable memory: 0x00007ffca22f9960 | 60 99 2f a2 fc 7f 00 00
stack at sp + 5 slots: 0x0000000000008300 is an unknown value
stack at sp + 6 slots: 0x00000223338cc520 points into unknown readable memory: 0x0000022331b54a07 | 07 4a b5 31 23 02 00 00
stack at sp + 7 slots: 0x00000223320b1948 points into unknown readable memory: 0x00007ffca22ddfd0 | d0 df 2d a2 fc 7f 00 00


---------------  P R O C E S S  ---------------

Threads class SMR info:
_java_thread_list=0x000002232f7f85c0, length=102, elements={
0x00000222c2715580, 0x00000222e1eb89b0, 0x00000222e1eb9400, 0x00000222e1eb9e50,
0x00000222e1ebc8b0, 0x00000222e1ebf310, 0x00000222e1ebfd60, 0x00000222e1ec3100,
0x00000222e1ed3ba0, 0x00000222e1f84cd0, 0x00000222e2167490, 0x00000222e21c0310,
0x0000022329352590, 0x0000022329539bb0, 0x00000223297174b0, 0x0000022329576db0,
0x0000022329577410, 0x000002232932c7c0, 0x000002232932ce50, 0x000002232932b410,
0x000002232932d4e0, 0x000002232932db70, 0x000002232932e200, 0x000002232932ad80,
0x000002232932baa0, 0x000002232b56dbb0, 0x000002232b56ce90, 0x000002232b56b450,
0x000002232b56c170, 0x000002232b56bae0, 0x000002232b56e240, 0x000002232b56f5f0,
0x000002232b56e8d0, 0x000002232b56ef60, 0x000002232b56fc80, 0x000002232b56c800,
0x000002232b570310, 0x000002232b5709a0, 0x000002232b56d520, 0x000002232b571030,
0x000002232b5716c0, 0x000002232b571d50, 0x000002232b5723e0, 0x000002232b572a70,
0x000002232976ecc0, 0x000002232976cbf0, 0x000002232976d280, 0x000002232976c560,
0x000002232976f350, 0x000002232976d910, 0x000002232976bed0, 0x000002232976dfa0,
0x000002232976e630, 0x000002232a42d840, 0x000002232a42c490, 0x000002232a42aa50,
0x000002232a42d1b0, 0x000002232a42b0e0, 0x000002232a42b770, 0x000002232a42be00,
0x000002232a42cb20, 0x000002232a42ebf0, 0x000002232a430cc0, 0x000002232a8a1b20,
0x000002232a431350, 0x000002232a42ded0, 0x000002232a4319e0, 0x000002232ea45a50,
0x000002232ea46770, 0x000002232ea47b20, 0x000002232ea481b0, 0x000002232ea44d30,
0x000002232ea49560, 0x000002232ea48ed0, 0x000002232ea49bf0, 0x000002232ea4b630,
0x000002232ea4a280, 0x000002232ea4a910, 0x000002232ea4afa0, 0x000002232ea4bcc0,
0x000002232ea48840, 0x000002232ea4c350, 0x000002233082d3d0, 0x000002233082fb30,
0x000002233082e780, 0x000002233082da60, 0x000002233082cd40, 0x000002233082ee10,
0x00000223308301c0, 0x0000022330830850, 0x0000022330830ee0, 0x000002233082e0f0,
0x0000022330831570, 0x000002233082f4a0, 0x0000022330832fb0, 0x000002232b00c3a0,
0x0000022330832290, 0x000002232bf81e60, 0x000002232e16e770, 0x00000223330627c0,
0x000002232d337f30, 0x0000022333061350
}

Java Threads: ( => current thread )
  0x00000222c2715580 JavaThread "main"                              [_thread_blocked, id=29576, stack(0x00000023d1e00000,0x00000023d1f00000) (1024K)]
  0x00000222e1eb89b0 JavaThread "Reference Handler"          daemon [_thread_blocked, id=14476, stack(0x00000023d2600000,0x00000023d2700000) (1024K)]
  0x00000222e1eb9400 JavaThread "Finalizer"                  daemon [_thread_blocked, id=26812, stack(0x00000023d2700000,0x00000023d2800000) (1024K)]
  0x00000222e1eb9e50 JavaThread "Signal Dispatcher"          daemon [_thread_blocked, id=21500, stack(0x00000023d2800000,0x00000023d2900000) (1024K)]
  0x00000222e1ebc8b0 JavaThread "Attach Listener"            daemon [_thread_blocked, id=2896, stack(0x00000023d2900000,0x00000023d2a00000) (1024K)]
  0x00000222e1ebf310 JavaThread "Service Thread"             daemon [_thread_blocked, id=15196, stack(0x00000023d2a00000,0x00000023d2b00000) (1024K)]
  0x00000222e1ebfd60 JavaThread "Monitor Deflation Thread"   daemon [_thread_blocked, id=13264, stack(0x00000023d2b00000,0x00000023d2c00000) (1024K)]
  0x00000222e1ec3100 JavaThread "C2 CompilerThread0"         daemon [_thread_blocked, id=12300, stack(0x00000023d2c00000,0x00000023d2d00000) (1024K)]
  0x00000222e1ed3ba0 JavaThread "C1 CompilerThread0"         daemon [_thread_blocked, id=7064, stack(0x00000023d2d00000,0x00000023d2e00000) (1024K)]
  0x00000222e1f84cd0 JavaThread "C1 CompilerThread1"         daemon [_thread_blocked, id=24564, stack(0x00000023d2e00000,0x00000023d2f00000) (1024K)]
  0x00000222e2167490 JavaThread "Common-Cleaner"             daemon [_thread_blocked, id=14792, stack(0x00000023d3100000,0x00000023d3200000) (1024K)]
  0x00000222e21c0310 JavaThread "Notification Thread"        daemon [_thread_blocked, id=29508, stack(0x00000023d3200000,0x00000023d3300000) (1024K)]
  0x0000022329352590 JavaThread "Daemon health stats"               [_thread_blocked, id=20100, stack(0x00000023d4300000,0x00000023d4400000) (1024K)]
  0x0000022329539bb0 JavaThread "Incoming local TCP Connector on port 1510"        [_thread_in_native, id=25292, stack(0x00000023d4400000,0x00000023d4500000) (1024K)]
  0x00000223297174b0 JavaThread "Daemon periodic checks"            [_thread_blocked, id=24644, stack(0x00000023d4500000,0x00000023d4600000) (1024K)]
  0x0000022329576db0 JavaThread "Daemon"                            [_thread_blocked, id=19272, stack(0x00000023d4600000,0x00000023d4700000) (1024K)]
  0x0000022329577410 JavaThread "Handler for socket connection from /127.0.0.1:1510 to /127.0.0.1:1511"        [_thread_in_native, id=29492, stack(0x00000023d4700000,0x00000023d4800000) (1024K)]
  0x000002232932c7c0 JavaThread "Cancel handler"                    [_thread_blocked, id=2436, stack(0x00000023d4800000,0x00000023d4900000) (1024K)]
  0x000002232932ce50 JavaThread "Daemon worker"                     [_thread_in_native, id=29516, stack(0x00000023d4900000,0x00000023d4a00000) (1024K)]
  0x000002232932b410 JavaThread "Asynchronous log dispatcher for DefaultDaemonConnection: socket connection from /127.0.0.1:1510 to /127.0.0.1:1511"        [_thread_blocked, id=15232, stack(0x00000023d4a00000,0x00000023d4b00000) (1024K)]
  0x000002232932d4e0 JavaThread "Stdin handler"                     [_thread_blocked, id=29580, stack(0x00000023d4b00000,0x00000023d4c00000) (1024K)]
  0x000002232932db70 JavaThread "Daemon client event forwarder"        [_thread_blocked, id=19492, stack(0x00000023d4c00000,0x00000023d4d00000) (1024K)]
  0x000002232932e200 JavaThread "Cache worker for journal cache (C:\Users\jacob\.gradle\caches\journal-1)"        [_thread_blocked, id=18796, stack(0x00000023d4d00000,0x00000023d4e00000) (1024K)]
  0x000002232932ad80 JavaThread "File lock request listener"        [_thread_in_native, id=29688, stack(0x00000023d4e00000,0x00000023d4f00000) (1024K)]
  0x000002232932baa0 JavaThread "Cache worker for file hash cache (C:\Users\jacob\.gradle\caches\9.3.0\fileHashes)"        [_thread_blocked, id=3160, stack(0x00000023d4f00000,0x00000023d5000000) (1024K)]
  0x000002232b56dbb0 JavaThread "Cache worker for file hash cache (D:\Downloads\DayOne-Android-Project\.gradle\9.3.0\fileHashes)"        [_thread_blocked, id=23988, stack(0x00000023d6000000,0x00000023d6100000) (1024K)]
  0x000002232b56ce90 JavaThread "Cache worker for Build Output Cleanup Cache (D:\Downloads\DayOne-Android-Project\.gradle\buildOutputCleanup)"        [_thread_blocked, id=29092, stack(0x00000023d6100000,0x00000023d6200000) (1024K)]
  0x000002232b56b450 JavaThread "File watcher server"        daemon [_thread_in_native, id=20432, stack(0x00000023d6200000,0x00000023d6300000) (1024K)]
  0x000002232b56c170 JavaThread "File watcher consumer"      daemon [_thread_blocked, id=23648, stack(0x00000023d6300000,0x00000023d6400000) (1024K)]
  0x000002232b56bae0 JavaThread "jar transforms"                    [_thread_blocked, id=15500, stack(0x00000023d2f00000,0x00000023d3000000) (1024K)]
  0x000002232b56e240 JavaThread "jar transforms Thread 2"           [_thread_blocked, id=28900, stack(0x00000023d3000000,0x00000023d3100000) (1024K)]
  0x000002232b56f5f0 JavaThread "jar transforms Thread 3"           [_thread_blocked, id=9252, stack(0x00000023d3300000,0x00000023d3400000) (1024K)]
  0x000002232b56e8d0 JavaThread "jar transforms Thread 4"           [_thread_blocked, id=25764, stack(0x00000023d3f00000,0x00000023d4000000) (1024K)]
  0x000002232b56ef60 JavaThread "jar transforms Thread 5"           [_thread_blocked, id=5364, stack(0x00000023d4000000,0x00000023d4100000) (1024K)]
  0x000002232b56fc80 JavaThread "jar transforms Thread 6"           [_thread_blocked, id=15308, stack(0x00000023d4100000,0x00000023d4200000) (1024K)]
  0x000002232b56c800 JavaThread "jar transforms Thread 7"           [_thread_blocked, id=20228, stack(0x00000023d4200000,0x00000023d4300000) (1024K)]
  0x000002232b570310 JavaThread "jar transforms Thread 8"           [_thread_blocked, id=18168, stack(0x00000023d6400000,0x00000023d6500000) (1024K)]
  0x000002232b5709a0 JavaThread "jar transforms Thread 9"           [_thread_blocked, id=2452, stack(0x00000023d6500000,0x00000023d6600000) (1024K)]
  0x000002232b56d520 JavaThread "jar transforms Thread 10"          [_thread_blocked, id=21824, stack(0x00000023d6600000,0x00000023d6700000) (1024K)]
  0x000002232b571030 JavaThread "jar transforms Thread 11"          [_thread_blocked, id=22116, stack(0x00000023d6700000,0x00000023d6800000) (1024K)]
  0x000002232b5716c0 JavaThread "jar transforms Thread 12"          [_thread_blocked, id=13772, stack(0x00000023d6800000,0x00000023d6900000) (1024K)]
  0x000002232b571d50 JavaThread "jar transforms Thread 13"          [_thread_blocked, id=23376, stack(0x00000023d6900000,0x00000023d6a00000) (1024K)]
  0x000002232b5723e0 JavaThread "jar transforms Thread 14"          [_thread_blocked, id=26740, stack(0x00000023d6a00000,0x00000023d6b00000) (1024K)]
  0x000002232b572a70 JavaThread "jar transforms Thread 15"          [_thread_blocked, id=27344, stack(0x00000023d6b00000,0x00000023d6c00000) (1024K)]
  0x000002232976ecc0 JavaThread "jar transforms Thread 16"          [_thread_blocked, id=26548, stack(0x00000023d6c00000,0x00000023d6d00000) (1024K)]
  0x000002232976cbf0 JavaThread "jar transforms Thread 17"          [_thread_blocked, id=12144, stack(0x00000023d6d00000,0x00000023d6e00000) (1024K)]
  0x000002232976d280 JavaThread "jar transforms Thread 18"          [_thread_blocked, id=3572, stack(0x00000023d6e00000,0x00000023d6f00000) (1024K)]
  0x000002232976c560 JavaThread "jar transforms Thread 19"          [_thread_blocked, id=16404, stack(0x00000023d6f00000,0x00000023d7000000) (1024K)]
  0x000002232976f350 JavaThread "jar transforms Thread 20"          [_thread_blocked, id=9372, stack(0x00000023d7000000,0x00000023d7100000) (1024K)]
  0x000002232976d910 JavaThread "jar transforms Thread 21"          [_thread_blocked, id=2660, stack(0x00000023d7100000,0x00000023d7200000) (1024K)]
  0x000002232976bed0 JavaThread "jar transforms Thread 22"          [_thread_blocked, id=17820, stack(0x00000023d7200000,0x00000023d7300000) (1024K)]
  0x000002232976dfa0 JavaThread "jar transforms Thread 23"          [_thread_blocked, id=3528, stack(0x00000023d7300000,0x00000023d7400000) (1024K)]
  0x000002232976e630 JavaThread "jar transforms Thread 24"          [_thread_blocked, id=12212, stack(0x00000023d7400000,0x00000023d7500000) (1024K)]
  0x000002232a42d840 JavaThread "jar transforms Thread 25"          [_thread_blocked, id=12180, stack(0x00000023d7500000,0x00000023d7600000) (1024K)]
  0x000002232a42c490 JavaThread "jar transforms Thread 26"          [_thread_blocked, id=2996, stack(0x00000023d7600000,0x00000023d7700000) (1024K)]
  0x000002232a42aa50 JavaThread "jar transforms Thread 27"          [_thread_blocked, id=11448, stack(0x00000023d7700000,0x00000023d7800000) (1024K)]
  0x000002232a42d1b0 JavaThread "jar transforms Thread 28"          [_thread_blocked, id=21748, stack(0x00000023d7800000,0x00000023d7900000) (1024K)]
  0x000002232a42b0e0 JavaThread "jar transforms Thread 29"          [_thread_blocked, id=20136, stack(0x00000023d7900000,0x00000023d7a00000) (1024K)]
  0x000002232a42b770 JavaThread "jar transforms Thread 30"          [_thread_blocked, id=26472, stack(0x00000023d7a00000,0x00000023d7b00000) (1024K)]
  0x000002232a42be00 JavaThread "Cache worker for checksums cache (D:\Downloads\DayOne-Android-Project\.gradle\9.3.0\checksums)"        [_thread_blocked, id=3408, stack(0x00000023d7d00000,0x00000023d7e00000) (1024K)]
  0x000002232a42cb20 JavaThread "Cache worker for file content cache (C:\Users\jacob\.gradle\caches\9.3.0\fileContent)"        [_thread_blocked, id=7108, stack(0x00000023d7e00000,0x00000023d7f00000) (1024K)]
  0x000002232a42ebf0 JavaThread "Cache worker for cache directory md-supplier (C:\Users\jacob\.gradle\caches\9.3.0\md-supplier)"        [_thread_blocked, id=28352, stack(0x00000023d7f00000,0x00000023d8000000) (1024K)]
  0x000002232a430cc0 JavaThread "Cache worker for cache directory md-rule (C:\Users\jacob\.gradle\caches\9.3.0\md-rule)"        [_thread_blocked, id=24796, stack(0x00000023d8000000,0x00000023d8100000) (1024K)]
  0x000002232a8a1b20 JavaThread "C1 CompilerThread2"         daemon [_thread_blocked, id=29672, stack(0x00000023d8100000,0x00000023d8200000) (1024K)]
  0x000002232a431350 JavaThread "jar transforms Thread 31"          [_thread_blocked, id=25000, stack(0x00000023d8900000,0x00000023d8a00000) (1024K)]
  0x000002232a42ded0 JavaThread "jar transforms Thread 32"          [_thread_blocked, id=22736, stack(0x00000023d8a00000,0x00000023d8b00000) (1024K)]
  0x000002232a4319e0 JavaThread "Unconstrained build operations"        [_thread_blocked, id=28708, stack(0x00000023d8b00000,0x00000023d8c00000) (1024K)]
  0x000002232ea45a50 JavaThread "Unconstrained build operations Thread 2"        [_thread_blocked, id=6696, stack(0x00000023d8c00000,0x00000023d8d00000) (1024K)]
  0x000002232ea46770 JavaThread "Unconstrained build operations Thread 3"        [_thread_blocked, id=26828, stack(0x00000023d8f00000,0x00000023d9000000) (1024K)]
  0x000002232ea47b20 JavaThread "Unconstrained build operations Thread 4"        [_thread_blocked, id=19452, stack(0x00000023d9000000,0x00000023d9100000) (1024K)]
  0x000002232ea481b0 JavaThread "Unconstrained build operations Thread 5"        [_thread_blocked, id=15640, stack(0x00000023d9100000,0x00000023d9200000) (1024K)]
  0x000002232ea44d30 JavaThread "Unconstrained build operations Thread 6"        [_thread_blocked, id=27384, stack(0x00000023d9200000,0x00000023d9300000) (1024K)]
  0x000002232ea49560 JavaThread "Unconstrained build operations Thread 7"        [_thread_blocked, id=12000, stack(0x00000023d9300000,0x00000023d9400000) (1024K)]
  0x000002232ea48ed0 JavaThread "Unconstrained build operations Thread 8"        [_thread_blocked, id=14816, stack(0x00000023d9400000,0x00000023d9500000) (1024K)]
  0x000002232ea49bf0 JavaThread "Unconstrained build operations Thread 9"        [_thread_blocked, id=14800, stack(0x00000023d9500000,0x00000023d9600000) (1024K)]
  0x000002232ea4b630 JavaThread "Unconstrained build operations Thread 10"        [_thread_blocked, id=23660, stack(0x00000023d9600000,0x00000023d9700000) (1024K)]
  0x000002232ea4a280 JavaThread "Unconstrained build operations Thread 11"        [_thread_blocked, id=22104, stack(0x00000023d9700000,0x00000023d9800000) (1024K)]
  0x000002232ea4a910 JavaThread "Unconstrained build operations Thread 12"        [_thread_blocked, id=27516, stack(0x00000023d9800000,0x00000023d9900000) (1024K)]
  0x000002232ea4afa0 JavaThread "Unconstrained build operations Thread 13"        [_thread_blocked, id=18528, stack(0x00000023d9900000,0x00000023d9a00000) (1024K)]
  0x000002232ea4bcc0 JavaThread "Unconstrained build operations Thread 14"        [_thread_blocked, id=24616, stack(0x00000023d9a00000,0x00000023d9b00000) (1024K)]
  0x000002232ea48840 JavaThread "Unconstrained build operations Thread 15"        [_thread_blocked, id=25756, stack(0x00000023d9b00000,0x00000023d9c00000) (1024K)]
  0x000002232ea4c350 JavaThread "Unconstrained build operations Thread 16"        [_thread_blocked, id=1592, stack(0x00000023d9c00000,0x00000023d9d00000) (1024K)]
  0x000002233082d3d0 JavaThread "Unconstrained build operations Thread 17"        [_thread_blocked, id=14964, stack(0x00000023d9d00000,0x00000023d9e00000) (1024K)]
  0x000002233082fb30 JavaThread "Unconstrained build operations Thread 18"        [_thread_blocked, id=24800, stack(0x00000023d9e00000,0x00000023d9f00000) (1024K)]
  0x000002233082e780 JavaThread "Unconstrained build operations Thread 19"        [_thread_blocked, id=26928, stack(0x00000023d9f00000,0x00000023da000000) (1024K)]
  0x000002233082da60 JavaThread "Unconstrained build operations Thread 20"        [_thread_blocked, id=14980, stack(0x00000023da000000,0x00000023da100000) (1024K)]
  0x000002233082cd40 JavaThread "Unconstrained build operations Thread 21"        [_thread_blocked, id=14852, stack(0x00000023da100000,0x00000023da200000) (1024K)]
  0x000002233082ee10 JavaThread "Unconstrained build operations Thread 22"        [_thread_blocked, id=11996, stack(0x00000023da200000,0x00000023da300000) (1024K)]
  0x00000223308301c0 JavaThread "Unconstrained build operations Thread 23"        [_thread_blocked, id=19872, stack(0x00000023da300000,0x00000023da400000) (1024K)]
  0x0000022330830850 JavaThread "Unconstrained build operations Thread 24"        [_thread_blocked, id=18656, stack(0x00000023da400000,0x00000023da500000) (1024K)]
  0x0000022330830ee0 JavaThread "Unconstrained build operations Thread 25"        [_thread_blocked, id=25748, stack(0x00000023da500000,0x00000023da600000) (1024K)]
  0x000002233082e0f0 JavaThread "Unconstrained build operations Thread 26"        [_thread_blocked, id=13136, stack(0x00000023da600000,0x00000023da700000) (1024K)]
  0x0000022330831570 JavaThread "Unconstrained build operations Thread 27"        [_thread_blocked, id=29572, stack(0x00000023da700000,0x00000023da800000) (1024K)]
  0x000002233082f4a0 JavaThread "Unconstrained build operations Thread 28"        [_thread_blocked, id=1280, stack(0x00000023da800000,0x00000023da900000) (1024K)]
  0x0000022330832fb0 JavaThread "Unconstrained build operations Thread 29"        [_thread_blocked, id=14856, stack(0x00000023da900000,0x00000023daa00000) (1024K)]
  0x000002232b00c3a0 JavaThread "C1 CompilerThread3"         daemon [_thread_blocked, id=13448, stack(0x00000023d8400000,0x00000023d8500000) (1024K)]
  0x0000022330832290 JavaThread "Kotlin DSL Writer"                 [_thread_blocked, id=13004, stack(0x00000023d7b00000,0x00000023d7c00000) (1024K)]
=>0x000002232bf81e60 JavaThread "C2 CompilerThread1"         daemon [_thread_in_native, id=12960, stack(0x00000023d7c00000,0x00000023d7d00000) (1024K)]
  0x000002232e16e770 JavaThread "C2 CompilerThread2"         daemon [_thread_blocked, id=23996, stack(0x00000023d8200000,0x00000023d8300000) (1024K)]
  0x00000223330627c0 JavaThread "C2 CompilerThread3"         daemon [_thread_blocked, id=17852, stack(0x00000023d8300000,0x00000023d8400000) (1024K)]
  0x000002232d337f30 JavaThread "C2 CompilerThread4"         daemon [_thread_blocked, id=27192, stack(0x00000023d8500000,0x00000023d8600000) (1024K)]
  0x0000022333061350 JavaThread "C1 CompilerThread4"         daemon [_thread_blocked, id=5088, stack(0x00000023d8800000,0x00000023d8900000) (1024K)]
Total: 102

Other Threads:
  0x00000222e1e9dd40 VMThread "VM Thread"                           [id=13424, stack(0x00000023d2500000,0x00000023d2600000) (1024K)]
  0x00000222e1e89910 WatcherThread "VM Periodic Task Thread"        [id=3284, stack(0x00000023d2400000,0x00000023d2500000) (1024K)]
  0x00000222de2411e0 WorkerThread "GC Thread#0"                     [id=21496, stack(0x00000023d1f00000,0x00000023d2000000) (1024K)]
  0x00000222e21c33c0 WorkerThread "GC Thread#1"                     [id=25688, stack(0x00000023d3400000,0x00000023d3500000) (1024K)]
  0x00000222e232b460 WorkerThread "GC Thread#2"                     [id=18576, stack(0x00000023d3500000,0x00000023d3600000) (1024K)]
  0x00000222e232b800 WorkerThread "GC Thread#3"                     [id=15980, stack(0x00000023d3600000,0x00000023d3700000) (1024K)]
  0x00000222e231bcf0 WorkerThread "GC Thread#4"                     [id=16316, stack(0x00000023d3700000,0x00000023d3800000) (1024K)]
  0x00000222e22d4be0 WorkerThread "GC Thread#5"                     [id=24824, stack(0x00000023d3800000,0x00000023d3900000) (1024K)]
  0x00000222e22d5320 WorkerThread "GC Thread#6"                     [id=14868, stack(0x00000023d3900000,0x00000023d3a00000) (1024K)]
  0x00000222e22d56c0 WorkerThread "GC Thread#7"                     [id=25084, stack(0x00000023d3a00000,0x00000023d3b00000) (1024K)]
  0x00000222e22d4f80 WorkerThread "GC Thread#8"                     [id=25736, stack(0x00000023d3b00000,0x00000023d3c00000) (1024K)]
  0x00000222e22d5a60 WorkerThread "GC Thread#9"                     [id=19752, stack(0x00000023d3c00000,0x00000023d3d00000) (1024K)]
  0x00000222e22d5e00 WorkerThread "GC Thread#10"                    [id=25140, stack(0x00000023d3d00000,0x00000023d3e00000) (1024K)]
  0x00000222e22d44a0 WorkerThread "GC Thread#11"                    [id=25056, stack(0x00000023d3e00000,0x00000023d3f00000) (1024K)]
  0x00000223289c8cd0 WorkerThread "GC Thread#12"                    [id=8432, stack(0x00000023d5000000,0x00000023d5100000) (1024K)]
  0x00000223289c8590 WorkerThread "GC Thread#13"                    [id=18232, stack(0x00000023d5100000,0x00000023d5200000) (1024K)]
  0x00000223289c8930 WorkerThread "GC Thread#14"                    [id=22024, stack(0x00000023d5200000,0x00000023d5300000) (1024K)]
  0x00000223289c5670 WorkerThread "GC Thread#15"                    [id=26464, stack(0x00000023d5300000,0x00000023d5400000) (1024K)]
  0x00000223289c7370 WorkerThread "GC Thread#16"                    [id=11684, stack(0x00000023d5400000,0x00000023d5500000) (1024K)]
  0x00000223289c6890 WorkerThread "GC Thread#17"                    [id=13184, stack(0x00000023d5500000,0x00000023d5600000) (1024K)]
  0x00000223289c7ab0 WorkerThread "GC Thread#18"                    [id=8028, stack(0x00000023d5600000,0x00000023d5700000) (1024K)]
  0x00000223289c5a10 WorkerThread "GC Thread#19"                    [id=29032, stack(0x00000023d5700000,0x00000023d5800000) (1024K)]
  0x00000223289c6c30 WorkerThread "GC Thread#20"                    [id=6552, stack(0x00000023d5800000,0x00000023d5900000) (1024K)]
  0x00000223289c6150 WorkerThread "GC Thread#21"                    [id=6184, stack(0x00000023d5900000,0x00000023d5a00000) (1024K)]
  0x00000223289c6fd0 WorkerThread "GC Thread#22"                    [id=27420, stack(0x00000023d5a00000,0x00000023d5b00000) (1024K)]
  0x00000222c2760620 ConcurrentGCThread "G1 Main Marker"            [id=22980, stack(0x00000023d2000000,0x00000023d2100000) (1024K)]
  0x00000222c2761120 WorkerThread "G1 Conc#0"                       [id=24344, stack(0x00000023d2100000,0x00000023d2200000) (1024K)]
  0x00000223289c7710 WorkerThread "G1 Conc#1"                       [id=17560, stack(0x00000023d5b00000,0x00000023d5c00000) (1024K)]
  0x00000223289c64f0 WorkerThread "G1 Conc#2"                       [id=5068, stack(0x00000023d5c00000,0x00000023d5d00000) (1024K)]
  0x000002232a18a000 WorkerThread "G1 Conc#3"                       [id=17276, stack(0x00000023d5d00000,0x00000023d5e00000) (1024K)]
  0x000002232a189180 WorkerThread "G1 Conc#4"                       [id=6280, stack(0x00000023d5e00000,0x00000023d5f00000) (1024K)]
  0x000002232a188a40 WorkerThread "G1 Conc#5"                       [id=29684, stack(0x00000023d5f00000,0x00000023d6000000) (1024K)]
  0x00000222de41d990 ConcurrentGCThread "G1 Refine#0"               [id=5208, stack(0x00000023d2200000,0x00000023d2300000) (1024K)]
  0x00000222de41e500 ConcurrentGCThread "G1 Service"                [id=27216, stack(0x00000023d2300000,0x00000023d2400000) (1024K)]
Total: 34

Threads with active compile tasks:
C2 CompilerThread1  22919 17779 %     4       sun.security.provider.SHA5::implCompress0 @ 27 (346 bytes)
Total: 1

VM state: not at safepoint (normal execution)

VM Mutex/Monitor currently owned by a thread: None

Heap address: 0x0000000080000000, size: 2048 MB, Compressed Oops mode: 32-bit

CDS archive(s) mapped at: [0x00000222e3000000-0x00000222e3c80000-0x00000222e3c80000), size 13107200, SharedBaseAddress: 0x00000222e3000000, ArchiveRelocationMode: 1.
Compressed class space mapped at: 0x00000222e4000000-0x0000022324000000, reserved size: 1073741824
Narrow klass base: 0x00000222e3000000, Narrow klass shift: 0, Narrow klass range: 0x100000000

GC Precious Log:
 CardTable entry size: 512
 Card Set container configuration: InlinePtr #cards 5 size 8 Array Of Cards #cards 12 size 40 Howl #buckets 4 coarsen threshold 1843 Howl Bitmap #cards 512 size 80 coarsen threshold 460 Card regions per heap region 1 cards per card region 2048
 CPUs: 32 total, 32 available
 Memory: 32502M
 Large Page Support: Disabled
 NUMA Support: Disabled
 Compressed Oops: Enabled (32-bit)
 Heap Region Size: 1M
 Heap Min Capacity: 8M
 Heap Initial Capacity: 508M
 Heap Max Capacity: 2G
 Pre-touch: Disabled
 Parallel Workers: 23
 Concurrent Workers: 6
 Concurrent Refinement Workers: 23
 Periodic GC: Disabled

Heap:
 garbage-first heap   total 517120K, used 439295K [0x0000000080000000, 0x0000000100000000)
  region size 1024K, 280 young (286720K), 8 survivors (8192K)
 Metaspace       used 142470K, committed 144640K, reserved 1179648K
  class space    used 18398K, committed 19456K, reserved 1048576K

Heap Regions: E=young(eden), S=young(survivor), O=old, HS=humongous(starts), HC=humongous(continues), CS=collection set, F=free, TAMS=top-at-mark-start, PB=parsable bottom
|   0|0x0000000080000000, 0x0000000080100000, 0x0000000080100000|100%|HS|  |TAMS 0x0000000080000000| PB 0x0000000080000000| Complete 
|   1|0x0000000080100000, 0x0000000080200000, 0x0000000080200000|100%|HC|  |TAMS 0x0000000080100000| PB 0x0000000080100000| Complete 
|   2|0x0000000080200000, 0x0000000080300000, 0x0000000080300000|100%|HC|  |TAMS 0x0000000080200000| PB 0x0000000080200000| Complete 
|   3|0x0000000080300000, 0x0000000080400000, 0x0000000080400000|100%|HC|  |TAMS 0x0000000080300000| PB 0x0000000080300000| Complete 
|   4|0x0000000080400000, 0x0000000080500000, 0x0000000080500000|100%| O|  |TAMS 0x0000000080400000| PB 0x0000000080400000| Untracked 
|   5|0x0000000080500000, 0x0000000080600000, 0x0000000080600000|100%| O|  |TAMS 0x0000000080500000| PB 0x0000000080500000| Untracked 
|   6|0x0000000080600000, 0x0000000080700000, 0x0000000080700000|100%| O|  |TAMS 0x0000000080600000| PB 0x0000000080600000| Untracked 
|   7|0x0000000080700000, 0x0000000080800000, 0x0000000080800000|100%|HS|  |TAMS 0x0000000080700000| PB 0x0000000080700000| Complete 
|   8|0x0000000080800000, 0x0000000080900000, 0x0000000080900000|100%|HS|  |TAMS 0x0000000080800000| PB 0x0000000080800000| Complete 
|   9|0x0000000080900000, 0x0000000080a00000, 0x0000000080a00000|100%|HC|  |TAMS 0x0000000080900000| PB 0x0000000080900000| Complete 
|  10|0x0000000080a00000, 0x0000000080b00000, 0x0000000080b00000|100%|HC|  |TAMS 0x0000000080a00000| PB 0x0000000080a00000| Complete 
|  11|0x0000000080b00000, 0x0000000080c00000, 0x0000000080c00000|100%|HC|  |TAMS 0x0000000080b00000| PB 0x0000000080b00000| Complete 
|  12|0x0000000080c00000, 0x0000000080d00000, 0x0000000080d00000|100%|HC|  |TAMS 0x0000000080c00000| PB 0x0000000080c00000| Complete 
|  13|0x0000000080d00000, 0x0000000080e00000, 0x0000000080e00000|100%|HC|  |TAMS 0x0000000080d00000| PB 0x0000000080d00000| Complete 
|  14|0x0000000080e00000, 0x0000000080f00000, 0x0000000080f00000|100%|HS|  |TAMS 0x0000000080e00000| PB 0x0000000080e00000| Complete 
|  15|0x0000000080f00000, 0x0000000081000000, 0x0000000081000000|100%|HS|  |TAMS 0x0000000080f00000| PB 0x0000000080f00000| Complete 
|  16|0x0000000081000000, 0x0000000081100000, 0x0000000081100000|100%|HS|  |TAMS 0x0000000081000000| PB 0x0000000081000000| Complete 
|  17|0x0000000081100000, 0x0000000081200000, 0x0000000081200000|100%|HC|  |TAMS 0x0000000081100000| PB 0x0000000081100000| Complete 
|  18|0x0000000081200000, 0x0000000081300000, 0x0000000081300000|100%|HC|  |TAMS 0x0000000081200000| PB 0x0000000081200000| Complete 
|  19|0x0000000081300000, 0x0000000081400000, 0x0000000081400000|100%|HC|  |TAMS 0x0000000081300000| PB 0x0000000081300000| Complete 
|  20|0x0000000081400000, 0x0000000081500000, 0x0000000081500000|100%|HC|  |TAMS 0x0000000081400000| PB 0x0000000081400000| Complete 
|  21|0x0000000081500000, 0x0000000081600000, 0x0000000081600000|100%|HC|  |TAMS 0x0000000081500000| PB 0x0000000081500000| Complete 
|  22|0x0000000081600000, 0x0000000081700000, 0x0000000081700000|100%|HS|  |TAMS 0x0000000081600000| PB 0x0000000081600000| Complete 
|  23|0x0000000081700000, 0x0000000081800000, 0x0000000081800000|100%|HS|  |TAMS 0x0000000081700000| PB 0x0000000081700000| Complete 
|  24|0x0000000081800000, 0x0000000081900000, 0x0000000081900000|100%| O|  |TAMS 0x0000000081800000| PB 0x0000000081800000| Untracked 
|  25|0x0000000081900000, 0x0000000081a00000, 0x0000000081a00000|100%| O|  |TAMS 0x0000000081900000| PB 0x0000000081900000| Untracked 
|  26|0x0000000081a00000, 0x0000000081b00000, 0x0000000081b00000|100%| O|  |TAMS 0x0000000081a00000| PB 0x0000000081a00000| Untracked 
|  27|0x0000000081b00000, 0x0000000081c00000, 0x0000000081c00000|100%| O|  |TAMS 0x0000000081b00000| PB 0x0000000081b00000| Untracked 
|  28|0x0000000081c00000, 0x0000000081d00000, 0x0000000081d00000|100%| O|  |TAMS 0x0000000081c00000| PB 0x0000000081c00000| Untracked 
|  29|0x0000000081d00000, 0x0000000081e00000, 0x0000000081e00000|100%| O|  |TAMS 0x0000000081d00000| PB 0x0000000081d00000| Untracked 
|  30|0x0000000081e00000, 0x0000000081f00000, 0x0000000081f00000|100%| O|  |TAMS 0x0000000081e00000| PB 0x0000000081e00000| Untracked 
|  31|0x0000000081f00000, 0x0000000082000000, 0x0000000082000000|100%| O|  |TAMS 0x0000000081f00000| PB 0x0000000081f00000| Untracked 
|  32|0x0000000082000000, 0x0000000082100000, 0x0000000082100000|100%| O|  |TAMS 0x0000000082000000| PB 0x0000000082000000| Untracked 
|  33|0x0000000082100000, 0x0000000082200000, 0x0000000082200000|100%| O|  |TAMS 0x0000000082100000| PB 0x0000000082100000| Untracked 
|  34|0x0000000082200000, 0x0000000082300000, 0x0000000082300000|100%| O|  |TAMS 0x0000000082200000| PB 0x0000000082200000| Untracked 
|  35|0x0000000082300000, 0x0000000082400000, 0x0000000082400000|100%| O|  |TAMS 0x0000000082300000| PB 0x0000000082300000| Untracked 
|  36|0x0000000082400000, 0x0000000082500000, 0x0000000082500000|100%| O|  |TAMS 0x0000000082400000| PB 0x0000000082400000| Untracked 
|  37|0x0000000082500000, 0x0000000082600000, 0x0000000082600000|100%| O|  |TAMS 0x0000000082500000| PB 0x0000000082500000| Untracked 
|  38|0x0000000082600000, 0x0000000082700000, 0x0000000082700000|100%| O|  |TAMS 0x0000000082600000| PB 0x0000000082600000| Untracked 
|  39|0x0000000082700000, 0x0000000082800000, 0x0000000082800000|100%| O|  |TAMS 0x0000000082700000| PB 0x0000000082700000| Untracked 
|  40|0x0000000082800000, 0x0000000082900000, 0x0000000082900000|100%| O|  |TAMS 0x0000000082800000| PB 0x0000000082800000| Untracked 
|  41|0x0000000082900000, 0x0000000082a00000, 0x0000000082a00000|100%| O|  |TAMS 0x0000000082900000| PB 0x0000000082900000| Untracked 
|  42|0x0000000082a00000, 0x0000000082b00000, 0x0000000082b00000|100%| O|  |TAMS 0x0000000082a00000| PB 0x0000000082a00000| Untracked 
|  43|0x0000000082b00000, 0x0000000082c00000, 0x0000000082c00000|100%| O|  |TAMS 0x0000000082b00000| PB 0x0000000082b00000| Untracked 
|  44|0x0000000082c00000, 0x0000000082d00000, 0x0000000082d00000|100%| O|  |TAMS 0x0000000082c00000| PB 0x0000000082c00000| Untracked 
|  45|0x0000000082d00000, 0x0000000082e00000, 0x0000000082e00000|100%| O|  |TAMS 0x0000000082d00000| PB 0x0000000082d00000| Untracked 
|  46|0x0000000082e00000, 0x0000000082f00000, 0x0000000082f00000|100%| O|  |TAMS 0x0000000082e00000| PB 0x0000000082e00000| Untracked 
|  47|0x0000000082f00000, 0x0000000083000000, 0x0000000083000000|100%| O|  |TAMS 0x0000000082f00000| PB 0x0000000082f00000| Untracked 
|  48|0x0000000083000000, 0x0000000083100000, 0x0000000083100000|100%| O|  |TAMS 0x0000000083000000| PB 0x0000000083000000| Untracked 
|  49|0x0000000083100000, 0x0000000083200000, 0x0000000083200000|100%| O|  |TAMS 0x0000000083100000| PB 0x0000000083100000| Untracked 
|  50|0x0000000083200000, 0x0000000083300000, 0x0000000083300000|100%| O|  |TAMS 0x0000000083200000| PB 0x0000000083200000| Untracked 
|  51|0x0000000083300000, 0x0000000083400000, 0x0000000083400000|100%| O|  |TAMS 0x0000000083300000| PB 0x0000000083300000| Untracked 
|  52|0x0000000083400000, 0x0000000083500000, 0x0000000083500000|100%| O|  |TAMS 0x0000000083400000| PB 0x0000000083400000| Untracked 
|  53|0x0000000083500000, 0x0000000083600000, 0x0000000083600000|100%| O|  |TAMS 0x0000000083500000| PB 0x0000000083500000| Untracked 
|  54|0x0000000083600000, 0x0000000083700000, 0x0000000083700000|100%| O|  |TAMS 0x0000000083600000| PB 0x0000000083600000| Untracked 
|  55|0x0000000083700000, 0x0000000083800000, 0x0000000083800000|100%| O|  |TAMS 0x0000000083700000| PB 0x0000000083700000| Untracked 
|  56|0x0000000083800000, 0x0000000083900000, 0x0000000083900000|100%| O|  |TAMS 0x0000000083800000| PB 0x0000000083800000| Untracked 
|  57|0x0000000083900000, 0x0000000083a00000, 0x0000000083a00000|100%| O|  |TAMS 0x0000000083900000| PB 0x0000000083900000| Untracked 
|  58|0x0000000083a00000, 0x0000000083b00000, 0x0000000083b00000|100%| O|  |TAMS 0x0000000083a00000| PB 0x0000000083a00000| Untracked 
|  59|0x0000000083b00000, 0x0000000083c00000, 0x0000000083c00000|100%| O|  |TAMS 0x0000000083b00000| PB 0x0000000083b00000| Untracked 
|  60|0x0000000083c00000, 0x0000000083d00000, 0x0000000083d00000|100%| O|  |TAMS 0x0000000083c00000| PB 0x0000000083c00000| Untracked 
|  61|0x0000000083d00000, 0x0000000083e00000, 0x0000000083e00000|100%| O|  |TAMS 0x0000000083d00000| PB 0x0000000083d00000| Untracked 
|  62|0x0000000083e00000, 0x0000000083f00000, 0x0000000083f00000|100%| O|  |TAMS 0x0000000083e00000| PB 0x0000000083e00000| Untracked 
|  63|0x0000000083f00000, 0x0000000084000000, 0x0000000084000000|100%| O|  |TAMS 0x0000000083f00000| PB 0x0000000083f00000| Untracked 
|  64|0x0000000084000000, 0x0000000084100000, 0x0000000084100000|100%|HS|  |TAMS 0x0000000084000000| PB 0x0000000084000000| Complete 
|  65|0x0000000084100000, 0x0000000084200000, 0x0000000084200000|100%|HS|  |TAMS 0x0000000084100000| PB 0x0000000084100000| Complete 
|  66|0x0000000084200000, 0x0000000084200000, 0x0000000084300000|  0%| F|  |TAMS 0x0000000084200000| PB 0x0000000084200000| Untracked 
|  67|0x0000000084300000, 0x0000000084400000, 0x0000000084400000|100%|HS|  |TAMS 0x0000000084300000| PB 0x0000000084300000| Complete 
|  68|0x0000000084400000, 0x0000000084500000, 0x0000000084500000|100%| O|  |TAMS 0x0000000084400000| PB 0x0000000084400000| Untracked 
|  69|0x0000000084500000, 0x0000000084600000, 0x0000000084600000|100%| O|  |TAMS 0x0000000084500000| PB 0x0000000084500000| Untracked 
|  70|0x0000000084600000, 0x0000000084600000, 0x0000000084700000|  0%| F|  |TAMS 0x0000000084600000| PB 0x0000000084600000| Untracked 
|  71|0x0000000084700000, 0x0000000084700000, 0x0000000084800000|  0%| F|  |TAMS 0x0000000084700000| PB 0x0000000084700000| Untracked 
|  72|0x0000000084800000, 0x0000000084900000, 0x0000000084900000|100%| O|  |TAMS 0x0000000084800000| PB 0x0000000084800000| Untracked 
|  73|0x0000000084900000, 0x0000000084a00000, 0x0000000084a00000|100%| O|  |TAMS 0x0000000084900000| PB 0x0000000084900000| Untracked 
|  74|0x0000000084a00000, 0x0000000084a00000, 0x0000000084b00000|  0%| F|  |TAMS 0x0000000084a00000| PB 0x0000000084a00000| Untracked 
|  75|0x0000000084b00000, 0x0000000084c00000, 0x0000000084c00000|100%| O|  |TAMS 0x0000000084b00000| PB 0x0000000084b00000| Untracked 
|  76|0x0000000084c00000, 0x0000000084d00000, 0x0000000084d00000|100%| O|  |TAMS 0x0000000084c00000| PB 0x0000000084c00000| Untracked 
|  77|0x0000000084d00000, 0x0000000084e00000, 0x0000000084e00000|100%| O|Cm|TAMS 0x0000000084d00000| PB 0x0000000084d00000| Complete 
|  78|0x0000000084e00000, 0x0000000084f00000, 0x0000000084f00000|100%| O|  |TAMS 0x0000000084e00000| PB 0x0000000084e00000| Untracked 
|  79|0x0000000084f00000, 0x0000000084f00000, 0x0000000085000000|  0%| F|  |TAMS 0x0000000084f00000| PB 0x0000000084f00000| Untracked 
|  80|0x0000000085000000, 0x0000000085100000, 0x0000000085100000|100%| O|Cm|TAMS 0x0000000085000000| PB 0x0000000085000000| Complete 
|  81|0x0000000085100000, 0x0000000085200000, 0x0000000085200000|100%| O|Cm|TAMS 0x0000000085100000| PB 0x0000000085100000| Complete 
|  82|0x0000000085200000, 0x0000000085200000, 0x0000000085300000|  0%| F|  |TAMS 0x0000000085200000| PB 0x0000000085200000| Untracked 
|  83|0x0000000085300000, 0x0000000085300000, 0x0000000085400000|  0%| F|  |TAMS 0x0000000085300000| PB 0x0000000085300000| Untracked 
|  84|0x0000000085400000, 0x0000000085500000, 0x0000000085500000|100%| O|  |TAMS 0x0000000085400000| PB 0x0000000085400000| Untracked 
|  85|0x0000000085500000, 0x0000000085600000, 0x0000000085600000|100%| O|  |TAMS 0x0000000085500000| PB 0x0000000085500000| Untracked 
|  86|0x0000000085600000, 0x0000000085600000, 0x0000000085700000|  0%| F|  |TAMS 0x0000000085600000| PB 0x0000000085600000| Untracked 
|  87|0x0000000085700000, 0x0000000085800000, 0x0000000085800000|100%| O|  |TAMS 0x0000000085700000| PB 0x0000000085700000| Untracked 
|  88|0x0000000085800000, 0x0000000085900000, 0x0000000085900000|100%|HS|  |TAMS 0x0000000085800000| PB 0x0000000085800000| Complete 
|  89|0x0000000085900000, 0x0000000085a00000, 0x0000000085a00000|100%|HC|  |TAMS 0x0000000085900000| PB 0x0000000085900000| Complete 
|  90|0x0000000085a00000, 0x0000000085b00000, 0x0000000085b00000|100%|HC|  |TAMS 0x0000000085a00000| PB 0x0000000085a00000| Complete 
|  91|0x0000000085b00000, 0x0000000085c00000, 0x0000000085c00000|100%|HC|  |TAMS 0x0000000085b00000| PB 0x0000000085b00000| Complete 
|  92|0x0000000085c00000, 0x0000000085d00000, 0x0000000085d00000|100%|HC|  |TAMS 0x0000000085c00000| PB 0x0000000085c00000| Complete 
|  93|0x0000000085d00000, 0x0000000085e00000, 0x0000000085e00000|100%|HC|  |TAMS 0x0000000085d00000| PB 0x0000000085d00000| Complete 
|  94|0x0000000085e00000, 0x0000000085f00000, 0x0000000085f00000|100%|HC|  |TAMS 0x0000000085e00000| PB 0x0000000085e00000| Complete 
|  95|0x0000000085f00000, 0x0000000085f00000, 0x0000000086000000|  0%| F|  |TAMS 0x0000000085f00000| PB 0x0000000085f00000| Untracked 
|  96|0x0000000086000000, 0x0000000086000000, 0x0000000086100000|  0%| F|  |TAMS 0x0000000086000000| PB 0x0000000086000000| Untracked 
|  97|0x0000000086100000, 0x0000000086100000, 0x0000000086200000|  0%| F|  |TAMS 0x0000000086100000| PB 0x0000000086100000| Untracked 
|  98|0x0000000086200000, 0x0000000086200000, 0x0000000086300000|  0%| F|  |TAMS 0x0000000086200000| PB 0x0000000086200000| Untracked 
|  99|0x0000000086300000, 0x0000000086300000, 0x0000000086400000|  0%| F|  |TAMS 0x0000000086300000| PB 0x0000000086300000| Untracked 
| 100|0x0000000086400000, 0x0000000086400000, 0x0000000086500000|  0%| F|  |TAMS 0x0000000086400000| PB 0x0000000086400000| Untracked 
| 101|0x0000000086500000, 0x0000000086500000, 0x0000000086600000|  0%| F|  |TAMS 0x0000000086500000| PB 0x0000000086500000| Untracked 
| 102|0x0000000086600000, 0x0000000086600000, 0x0000000086700000|  0%| F|  |TAMS 0x0000000086600000| PB 0x0000000086600000| Untracked 
| 103|0x0000000086700000, 0x0000000086700000, 0x0000000086800000|  0%| F|  |TAMS 0x0000000086700000| PB 0x0000000086700000| Untracked 
| 104|0x0000000086800000, 0x0000000086800000, 0x0000000086900000|  0%| F|  |TAMS 0x0000000086800000| PB 0x0000000086800000| Untracked 
| 105|0x0000000086900000, 0x0000000086900000, 0x0000000086a00000|  0%| F|  |TAMS 0x0000000086900000| PB 0x0000000086900000| Untracked 
| 106|0x0000000086a00000, 0x0000000086a00000, 0x0000000086b00000|  0%| F|  |TAMS 0x0000000086a00000| PB 0x0000000086a00000| Untracked 
| 107|0x0000000086b00000, 0x0000000086b00000, 0x0000000086c00000|  0%| F|  |TAMS 0x0000000086b00000| PB 0x0000000086b00000| Untracked 
| 108|0x0000000086c00000, 0x0000000086c00000, 0x0000000086d00000|  0%| F|  |TAMS 0x0000000086c00000| PB 0x0000000086c00000| Untracked 
| 109|0x0000000086d00000, 0x0000000086d00000, 0x0000000086e00000|  0%| F|  |TAMS 0x0000000086d00000| PB 0x0000000086d00000| Untracked 
| 110|0x0000000086e00000, 0x0000000086e00000, 0x0000000086f00000|  0%| F|  |TAMS 0x0000000086e00000| PB 0x0000000086e00000| Untracked 
| 111|0x0000000086f00000, 0x0000000086f00000, 0x0000000087000000|  0%| F|  |TAMS 0x0000000086f00000| PB 0x0000000086f00000| Untracked 
| 112|0x0000000087000000, 0x0000000087000000, 0x0000000087100000|  0%| F|  |TAMS 0x0000000087000000| PB 0x0000000087000000| Untracked 
| 113|0x0000000087100000, 0x0000000087100000, 0x0000000087200000|  0%| F|  |TAMS 0x0000000087100000| PB 0x0000000087100000| Untracked 
| 114|0x0000000087200000, 0x0000000087200000, 0x0000000087300000|  0%| F|  |TAMS 0x0000000087200000| PB 0x0000000087200000| Untracked 
| 115|0x0000000087300000, 0x0000000087400000, 0x0000000087400000|100%| O|  |TAMS 0x0000000087300000| PB 0x0000000087300000| Untracked 
| 116|0x0000000087400000, 0x0000000087500000, 0x0000000087500000|100%| O|  |TAMS 0x0000000087400000| PB 0x0000000087400000| Untracked 
| 117|0x0000000087500000, 0x0000000087600000, 0x0000000087600000|100%| O|  |TAMS 0x0000000087500000| PB 0x0000000087500000| Untracked 
| 118|0x0000000087600000, 0x0000000087700000, 0x0000000087700000|100%| O|  |TAMS 0x0000000087600000| PB 0x0000000087600000| Untracked 
| 119|0x0000000087700000, 0x0000000087800000, 0x0000000087800000|100%| O|  |TAMS 0x0000000087700000| PB 0x0000000087700000| Untracked 
| 120|0x0000000087800000, 0x0000000087800000, 0x0000000087900000|  0%| F|  |TAMS 0x0000000087800000| PB 0x0000000087800000| Untracked 
| 121|0x0000000087900000, 0x0000000087a00000, 0x0000000087a00000|100%| O|Cm|TAMS 0x0000000087900000| PB 0x0000000087900000| Complete 
| 122|0x0000000087a00000, 0x0000000087b00000, 0x0000000087b00000|100%| O|Cm|TAMS 0x0000000087a00000| PB 0x0000000087a00000| Complete 
| 123|0x0000000087b00000, 0x0000000087c00000, 0x0000000087c00000|100%| O|  |TAMS 0x0000000087b00000| PB 0x0000000087b00000| Untracked 
| 124|0x0000000087c00000, 0x0000000087d00000, 0x0000000087d00000|100%| O|  |TAMS 0x0000000087c00000| PB 0x0000000087c00000| Untracked 
| 125|0x0000000087d00000, 0x0000000087e00000, 0x0000000087e00000|100%| O|  |TAMS 0x0000000087d00000| PB 0x0000000087d00000| Untracked 
| 126|0x0000000087e00000, 0x0000000087f00000, 0x0000000087f00000|100%| O|  |TAMS 0x0000000087e00000| PB 0x0000000087e00000| Untracked 
| 127|0x0000000087f00000, 0x0000000088000000, 0x0000000088000000|100%| O|  |TAMS 0x0000000087f00000| PB 0x0000000087f00000| Untracked 
| 128|0x0000000088000000, 0x0000000088100000, 0x0000000088100000|100%| O|  |TAMS 0x0000000088000000| PB 0x0000000088000000| Untracked 
| 129|0x0000000088100000, 0x0000000088200000, 0x0000000088200000|100%| O|  |TAMS 0x0000000088100000| PB 0x0000000088100000| Untracked 
| 130|0x0000000088200000, 0x0000000088300000, 0x0000000088300000|100%| O|  |TAMS 0x0000000088200000| PB 0x0000000088200000| Untracked 
| 131|0x0000000088300000, 0x0000000088400000, 0x0000000088400000|100%| O|  |TAMS 0x0000000088300000| PB 0x0000000088300000| Untracked 
| 132|0x0000000088400000, 0x0000000088500000, 0x0000000088500000|100%| O|  |TAMS 0x0000000088400000| PB 0x0000000088400000| Untracked 
| 133|0x0000000088500000, 0x0000000088600000, 0x0000000088600000|100%| O|  |TAMS 0x0000000088500000| PB 0x0000000088500000| Untracked 
| 134|0x0000000088600000, 0x0000000088700000, 0x0000000088700000|100%| O|  |TAMS 0x0000000088600000| PB 0x0000000088600000| Untracked 
| 135|0x0000000088700000, 0x0000000088800000, 0x0000000088800000|100%| O|  |TAMS 0x0000000088700000| PB 0x0000000088700000| Untracked 
| 136|0x0000000088800000, 0x0000000088900000, 0x0000000088900000|100%| O|  |TAMS 0x0000000088800000| PB 0x0000000088800000| Untracked 
| 137|0x0000000088900000, 0x0000000088a00000, 0x0000000088a00000|100%| O|  |TAMS 0x0000000088900000| PB 0x0000000088900000| Untracked 
| 138|0x0000000088a00000, 0x0000000088a00000, 0x0000000088b00000|  0%| F|  |TAMS 0x0000000088a00000| PB 0x0000000088a00000| Untracked 
| 139|0x0000000088b00000, 0x0000000088b00000, 0x0000000088c00000|  0%| F|  |TAMS 0x0000000088b00000| PB 0x0000000088b00000| Untracked 
| 140|0x0000000088c00000, 0x0000000088c00000, 0x0000000088d00000|  0%| F|  |TAMS 0x0000000088c00000| PB 0x0000000088c00000| Untracked 
| 141|0x0000000088d00000, 0x0000000088d00000, 0x0000000088e00000|  0%| F|  |TAMS 0x0000000088d00000| PB 0x0000000088d00000| Untracked 
| 142|0x0000000088e00000, 0x0000000088e00000, 0x0000000088f00000|  0%| F|  |TAMS 0x0000000088e00000| PB 0x0000000088e00000| Untracked 
| 143|0x0000000088f00000, 0x0000000088f00000, 0x0000000089000000|  0%| F|  |TAMS 0x0000000088f00000| PB 0x0000000088f00000| Untracked 
| 144|0x0000000089000000, 0x0000000089000000, 0x0000000089100000|  0%| F|  |TAMS 0x0000000089000000| PB 0x0000000089000000| Untracked 
| 145|0x0000000089100000, 0x0000000089100000, 0x0000000089200000|  0%| F|  |TAMS 0x0000000089100000| PB 0x0000000089100000| Untracked 
| 146|0x0000000089200000, 0x0000000089300000, 0x0000000089300000|100%| O|  |TAMS 0x0000000089200000| PB 0x0000000089200000| Untracked 
| 147|0x0000000089300000, 0x0000000089400000, 0x0000000089400000|100%| O|  |TAMS 0x0000000089300000| PB 0x0000000089300000| Untracked 
| 148|0x0000000089400000, 0x0000000089500000, 0x0000000089500000|100%| O|  |TAMS 0x0000000089400000| PB 0x0000000089400000| Untracked 
| 149|0x0000000089500000, 0x0000000089600000, 0x0000000089600000|100%| O|  |TAMS 0x0000000089500000| PB 0x0000000089500000| Untracked 
| 150|0x0000000089600000, 0x0000000089700000, 0x0000000089700000|100%| O|  |TAMS 0x0000000089600000| PB 0x0000000089600000| Untracked 
| 151|0x0000000089700000, 0x0000000089800000, 0x0000000089800000|100%| O|  |TAMS 0x0000000089700000| PB 0x0000000089700000| Untracked 
| 152|0x0000000089800000, 0x0000000089900000, 0x0000000089900000|100%| O|  |TAMS 0x0000000089800000| PB 0x0000000089800000| Untracked 
| 153|0x0000000089900000, 0x0000000089a00000, 0x0000000089a00000|100%| O|  |TAMS 0x0000000089900000| PB 0x0000000089900000| Untracked 
| 154|0x0000000089a00000, 0x0000000089b00000, 0x0000000089b00000|100%| O|  |TAMS 0x0000000089a00000| PB 0x0000000089a00000| Untracked 
| 155|0x0000000089b00000, 0x0000000089c00000, 0x0000000089c00000|100%| O|  |TAMS 0x0000000089b00000| PB 0x0000000089b00000| Untracked 
| 156|0x0000000089c00000, 0x0000000089d00000, 0x0000000089d00000|100%| O|  |TAMS 0x0000000089c00000| PB 0x0000000089c00000| Untracked 
| 157|0x0000000089d00000, 0x0000000089d00000, 0x0000000089e00000|  0%| F|  |TAMS 0x0000000089d00000| PB 0x0000000089d00000| Untracked 
| 158|0x0000000089e00000, 0x0000000089e00000, 0x0000000089f00000|  0%| F|  |TAMS 0x0000000089e00000| PB 0x0000000089e00000| Untracked 
| 159|0x0000000089f00000, 0x0000000089f00000, 0x000000008a000000|  0%| F|  |TAMS 0x0000000089f00000| PB 0x0000000089f00000| Untracked 
| 160|0x000000008a000000, 0x000000008a000000, 0x000000008a100000|  0%| F|  |TAMS 0x000000008a000000| PB 0x000000008a000000| Untracked 
| 161|0x000000008a100000, 0x000000008a100000, 0x000000008a200000|  0%| F|  |TAMS 0x000000008a100000| PB 0x000000008a100000| Untracked 
| 162|0x000000008a200000, 0x000000008a200000, 0x000000008a300000|  0%| F|  |TAMS 0x000000008a200000| PB 0x000000008a200000| Untracked 
| 163|0x000000008a300000, 0x000000008a300000, 0x000000008a400000|  0%| F|  |TAMS 0x000000008a300000| PB 0x000000008a300000| Untracked 
| 164|0x000000008a400000, 0x000000008a400000, 0x000000008a500000|  0%| F|  |TAMS 0x000000008a400000| PB 0x000000008a400000| Untracked 
| 165|0x000000008a500000, 0x000000008a500000, 0x000000008a600000|  0%| F|  |TAMS 0x000000008a500000| PB 0x000000008a500000| Untracked 
| 166|0x000000008a600000, 0x000000008a600000, 0x000000008a700000|  0%| F|  |TAMS 0x000000008a600000| PB 0x000000008a600000| Untracked 
| 167|0x000000008a700000, 0x000000008a700000, 0x000000008a800000|  0%| F|  |TAMS 0x000000008a700000| PB 0x000000008a700000| Untracked 
| 168|0x000000008a800000, 0x000000008a800000, 0x000000008a900000|  0%| F|  |TAMS 0x000000008a800000| PB 0x000000008a800000| Untracked 
| 169|0x000000008a900000, 0x000000008a900000, 0x000000008aa00000|  0%| F|  |TAMS 0x000000008a900000| PB 0x000000008a900000| Untracked 
| 170|0x000000008aa00000, 0x000000008aa00000, 0x000000008ab00000|  0%| F|  |TAMS 0x000000008aa00000| PB 0x000000008aa00000| Untracked 
| 171|0x000000008ab00000, 0x000000008ab00000, 0x000000008ac00000|  0%| F|  |TAMS 0x000000008ab00000| PB 0x000000008ab00000| Untracked 
| 172|0x000000008ac00000, 0x000000008ac00000, 0x000000008ad00000|  0%| F|  |TAMS 0x000000008ac00000| PB 0x000000008ac00000| Untracked 
| 173|0x000000008ad00000, 0x000000008ad00000, 0x000000008ae00000|  0%| F|  |TAMS 0x000000008ad00000| PB 0x000000008ad00000| Untracked 
| 174|0x000000008ae00000, 0x000000008ae00000, 0x000000008af00000|  0%| F|  |TAMS 0x000000008ae00000| PB 0x000000008ae00000| Untracked 
| 175|0x000000008af00000, 0x000000008af00000, 0x000000008b000000|  0%| F|  |TAMS 0x000000008af00000| PB 0x000000008af00000| Untracked 
| 176|0x000000008b000000, 0x000000008b000000, 0x000000008b100000|  0%| F|  |TAMS 0x000000008b000000| PB 0x000000008b000000| Untracked 
| 177|0x000000008b100000, 0x000000008b1bdbd0, 0x000000008b200000| 74%| S|CS|TAMS 0x000000008b100000| PB 0x000000008b100000| Complete 
| 178|0x000000008b200000, 0x000000008b300000, 0x000000008b300000|100%| S|CS|TAMS 0x000000008b200000| PB 0x000000008b200000| Complete 
| 179|0x000000008b300000, 0x000000008b300000, 0x000000008b400000|  0%| F|  |TAMS 0x000000008b300000| PB 0x000000008b300000| Untracked 
| 180|0x000000008b400000, 0x000000008b400000, 0x000000008b500000|  0%| F|  |TAMS 0x000000008b400000| PB 0x000000008b400000| Untracked 
| 181|0x000000008b500000, 0x000000008b500000, 0x000000008b600000|  0%| F|  |TAMS 0x000000008b500000| PB 0x000000008b500000| Untracked 
| 182|0x000000008b600000, 0x000000008b600000, 0x000000008b700000|  0%| F|  |TAMS 0x000000008b600000| PB 0x000000008b600000| Untracked 
| 183|0x000000008b700000, 0x000000008b700000, 0x000000008b800000|  0%| F|  |TAMS 0x000000008b700000| PB 0x000000008b700000| Untracked 
| 184|0x000000008b800000, 0x000000008b800000, 0x000000008b900000|  0%| F|  |TAMS 0x000000008b800000| PB 0x000000008b800000| Untracked 
| 185|0x000000008b900000, 0x000000008b900000, 0x000000008ba00000|  0%| F|  |TAMS 0x000000008b900000| PB 0x000000008b900000| Untracked 
| 186|0x000000008ba00000, 0x000000008ba00000, 0x000000008bb00000|  0%| F|  |TAMS 0x000000008ba00000| PB 0x000000008ba00000| Untracked 
| 187|0x000000008bb00000, 0x000000008bb00000, 0x000000008bc00000|  0%| F|  |TAMS 0x000000008bb00000| PB 0x000000008bb00000| Untracked 
| 188|0x000000008bc00000, 0x000000008bd00000, 0x000000008bd00000|100%| O|  |TAMS 0x000000008bc00000| PB 0x000000008bc00000| Untracked 
| 189|0x000000008bd00000, 0x000000008be00000, 0x000000008be00000|100%| O|  |TAMS 0x000000008bd00000| PB 0x000000008bd00000| Untracked 
| 190|0x000000008be00000, 0x000000008bf00000, 0x000000008bf00000|100%| O|  |TAMS 0x000000008be00000| PB 0x000000008be00000| Untracked 
| 191|0x000000008bf00000, 0x000000008c000000, 0x000000008c000000|100%| O|  |TAMS 0x000000008bf00000| PB 0x000000008bf00000| Untracked 
| 192|0x000000008c000000, 0x000000008c100000, 0x000000008c100000|100%| O|  |TAMS 0x000000008c000000| PB 0x000000008c000000| Untracked 
| 193|0x000000008c100000, 0x000000008c200000, 0x000000008c200000|100%| O|  |TAMS 0x000000008c100000| PB 0x000000008c100000| Untracked 
| 194|0x000000008c200000, 0x000000008c300000, 0x000000008c300000|100%| O|  |TAMS 0x000000008c200000| PB 0x000000008c200000| Untracked 
| 195|0x000000008c300000, 0x000000008c400000, 0x000000008c400000|100%| O|  |TAMS 0x000000008c300000| PB 0x000000008c300000| Untracked 
| 196|0x000000008c400000, 0x000000008c500000, 0x000000008c500000|100%| O|  |TAMS 0x000000008c400000| PB 0x000000008c400000| Untracked 
| 197|0x000000008c500000, 0x000000008c600000, 0x000000008c600000|100%| O|  |TAMS 0x000000008c500000| PB 0x000000008c500000| Untracked 
| 198|0x000000008c600000, 0x000000008c700000, 0x000000008c700000|100%| O|  |TAMS 0x000000008c600000| PB 0x000000008c600000| Untracked 
| 199|0x000000008c700000, 0x000000008c800000, 0x000000008c800000|100%| O|  |TAMS 0x000000008c700000| PB 0x000000008c700000| Untracked 
| 200|0x000000008c800000, 0x000000008c900000, 0x000000008c900000|100%| O|  |TAMS 0x000000008c800000| PB 0x000000008c800000| Untracked 
| 201|0x000000008c900000, 0x000000008ca00000, 0x000000008ca00000|100%| O|  |TAMS 0x000000008c900000| PB 0x000000008c900000| Untracked 
| 202|0x000000008ca00000, 0x000000008cb00000, 0x000000008cb00000|100%| O|  |TAMS 0x000000008ca00000| PB 0x000000008ca00000| Untracked 
| 203|0x000000008cb00000, 0x000000008cc00000, 0x000000008cc00000|100%| O|  |TAMS 0x000000008cb00000| PB 0x000000008cb00000| Untracked 
| 204|0x000000008cc00000, 0x000000008cd00000, 0x000000008cd00000|100%| O|  |TAMS 0x000000008cc00000| PB 0x000000008cc00000| Untracked 
| 205|0x000000008cd00000, 0x000000008cd422a0, 0x000000008ce00000| 25%| O|  |TAMS 0x000000008cd00000| PB 0x000000008cd00000| Untracked 
| 206|0x000000008ce00000, 0x000000008ce00000, 0x000000008cf00000|  0%| F|  |TAMS 0x000000008ce00000| PB 0x000000008ce00000| Untracked 
| 207|0x000000008cf00000, 0x000000008cf00000, 0x000000008d000000|  0%| F|  |TAMS 0x000000008cf00000| PB 0x000000008cf00000| Untracked 
| 208|0x000000008d000000, 0x000000008d000000, 0x000000008d100000|  0%| F|  |TAMS 0x000000008d000000| PB 0x000000008d000000| Untracked 
| 209|0x000000008d100000, 0x000000008d100000, 0x000000008d200000|  0%| F|  |TAMS 0x000000008d100000| PB 0x000000008d100000| Untracked 
| 210|0x000000008d200000, 0x000000008d300000, 0x000000008d300000|100%| S|CS|TAMS 0x000000008d200000| PB 0x000000008d200000| Complete 
| 211|0x000000008d300000, 0x000000008d400000, 0x000000008d400000|100%| S|CS|TAMS 0x000000008d300000| PB 0x000000008d300000| Complete 
| 212|0x000000008d400000, 0x000000008d500000, 0x000000008d500000|100%| S|CS|TAMS 0x000000008d400000| PB 0x000000008d400000| Complete 
| 213|0x000000008d500000, 0x000000008d600000, 0x000000008d600000|100%| S|CS|TAMS 0x000000008d500000| PB 0x000000008d500000| Complete 
| 214|0x000000008d600000, 0x000000008d700000, 0x000000008d700000|100%| S|CS|TAMS 0x000000008d600000| PB 0x000000008d600000| Complete 
| 215|0x000000008d700000, 0x000000008d800000, 0x000000008d800000|100%| S|CS|TAMS 0x000000008d700000| PB 0x000000008d700000| Complete 
| 216|0x000000008d800000, 0x000000008d800000, 0x000000008d900000|  0%| F|  |TAMS 0x000000008d800000| PB 0x000000008d800000| Untracked 
| 217|0x000000008d900000, 0x000000008d900000, 0x000000008da00000|  0%| F|  |TAMS 0x000000008d900000| PB 0x000000008d900000| Untracked 
| 218|0x000000008da00000, 0x000000008da00000, 0x000000008db00000|  0%| F|  |TAMS 0x000000008da00000| PB 0x000000008da00000| Untracked 
| 219|0x000000008db00000, 0x000000008db80000, 0x000000008dc00000| 50%| E|  |TAMS 0x000000008db00000| PB 0x000000008db00000| Complete 
| 220|0x000000008dc00000, 0x000000008dd00000, 0x000000008dd00000|100%| E|CS|TAMS 0x000000008dc00000| PB 0x000000008dc00000| Complete 
| 221|0x000000008dd00000, 0x000000008de00000, 0x000000008de00000|100%| E|CS|TAMS 0x000000008dd00000| PB 0x000000008dd00000| Complete 
| 222|0x000000008de00000, 0x000000008df00000, 0x000000008df00000|100%| E|CS|TAMS 0x000000008de00000| PB 0x000000008de00000| Complete 
| 223|0x000000008df00000, 0x000000008e000000, 0x000000008e000000|100%| E|CS|TAMS 0x000000008df00000| PB 0x000000008df00000| Complete 
| 224|0x000000008e000000, 0x000000008e100000, 0x000000008e100000|100%| E|CS|TAMS 0x000000008e000000| PB 0x000000008e000000| Complete 
| 225|0x000000008e100000, 0x000000008e200000, 0x000000008e200000|100%| E|CS|TAMS 0x000000008e100000| PB 0x000000008e100000| Complete 
| 226|0x000000008e200000, 0x000000008e300000, 0x000000008e300000|100%| E|CS|TAMS 0x000000008e200000| PB 0x000000008e200000| Complete 
| 227|0x000000008e300000, 0x000000008e400000, 0x000000008e400000|100%| E|CS|TAMS 0x000000008e300000| PB 0x000000008e300000| Complete 
| 228|0x000000008e400000, 0x000000008e500000, 0x000000008e500000|100%| E|CS|TAMS 0x000000008e400000| PB 0x000000008e400000| Complete 
| 229|0x000000008e500000, 0x000000008e600000, 0x000000008e600000|100%| E|CS|TAMS 0x000000008e500000| PB 0x000000008e500000| Complete 
| 230|0x000000008e600000, 0x000000008e700000, 0x000000008e700000|100%| E|CS|TAMS 0x000000008e600000| PB 0x000000008e600000| Complete 
| 231|0x000000008e700000, 0x000000008e800000, 0x000000008e800000|100%| E|CS|TAMS 0x000000008e700000| PB 0x000000008e700000| Complete 
| 232|0x000000008e800000, 0x000000008e900000, 0x000000008e900000|100%| E|CS|TAMS 0x000000008e800000| PB 0x000000008e800000| Complete 
| 233|0x000000008e900000, 0x000000008ea00000, 0x000000008ea00000|100%| E|CS|TAMS 0x000000008e900000| PB 0x000000008e900000| Complete 
| 234|0x000000008ea00000, 0x000000008eb00000, 0x000000008eb00000|100%| E|CS|TAMS 0x000000008ea00000| PB 0x000000008ea00000| Complete 
| 235|0x000000008eb00000, 0x000000008ec00000, 0x000000008ec00000|100%| E|CS|TAMS 0x000000008eb00000| PB 0x000000008eb00000| Complete 
| 236|0x000000008ec00000, 0x000000008ed00000, 0x000000008ed00000|100%| E|CS|TAMS 0x000000008ec00000| PB 0x000000008ec00000| Complete 
| 237|0x000000008ed00000, 0x000000008ee00000, 0x000000008ee00000|100%| E|CS|TAMS 0x000000008ed00000| PB 0x000000008ed00000| Complete 
| 238|0x000000008ee00000, 0x000000008ef00000, 0x000000008ef00000|100%| E|CS|TAMS 0x000000008ee00000| PB 0x000000008ee00000| Complete 
| 239|0x000000008ef00000, 0x000000008f000000, 0x000000008f000000|100%| E|CS|TAMS 0x000000008ef00000| PB 0x000000008ef00000| Complete 
| 240|0x000000008f000000, 0x000000008f100000, 0x000000008f100000|100%| E|CS|TAMS 0x000000008f000000| PB 0x000000008f000000| Complete 
| 241|0x000000008f100000, 0x000000008f200000, 0x000000008f200000|100%| E|CS|TAMS 0x000000008f100000| PB 0x000000008f100000| Complete 
| 242|0x000000008f200000, 0x000000008f300000, 0x000000008f300000|100%| E|CS|TAMS 0x000000008f200000| PB 0x000000008f200000| Complete 
| 243|0x000000008f300000, 0x000000008f400000, 0x000000008f400000|100%| E|CS|TAMS 0x000000008f300000| PB 0x000000008f300000| Complete 
| 244|0x000000008f400000, 0x000000008f500000, 0x000000008f500000|100%| E|CS|TAMS 0x000000008f400000| PB 0x000000008f400000| Complete 
| 245|0x000000008f500000, 0x000000008f600000, 0x000000008f600000|100%| E|CS|TAMS 0x000000008f500000| PB 0x000000008f500000| Complete 
| 246|0x000000008f600000, 0x000000008f700000, 0x000000008f700000|100%| E|CS|TAMS 0x000000008f600000| PB 0x000000008f600000| Complete 
| 247|0x000000008f700000, 0x000000008f800000, 0x000000008f800000|100%| E|CS|TAMS 0x000000008f700000| PB 0x000000008f700000| Complete 
| 248|0x000000008f800000, 0x000000008f900000, 0x000000008f900000|100%| E|CS|TAMS 0x000000008f800000| PB 0x000000008f800000| Complete 
| 249|0x000000008f900000, 0x000000008fa00000, 0x000000008fa00000|100%| E|CS|TAMS 0x000000008f900000| PB 0x000000008f900000| Complete 
| 250|0x000000008fa00000, 0x000000008fb00000, 0x000000008fb00000|100%| E|CS|TAMS 0x000000008fa00000| PB 0x000000008fa00000| Complete 
| 251|0x000000008fb00000, 0x000000008fc00000, 0x000000008fc00000|100%| E|CS|TAMS 0x000000008fb00000| PB 0x000000008fb00000| Complete 
| 252|0x000000008fc00000, 0x000000008fd00000, 0x000000008fd00000|100%| E|CS|TAMS 0x000000008fc00000| PB 0x000000008fc00000| Complete 
| 253|0x000000008fd00000, 0x000000008fe00000, 0x000000008fe00000|100%| E|  |TAMS 0x000000008fd00000| PB 0x000000008fd00000| Complete 
| 254|0x000000008fe00000, 0x000000008ff00000, 0x000000008ff00000|100%| E|CS|TAMS 0x000000008fe00000| PB 0x000000008fe00000| Complete 
| 255|0x000000008ff00000, 0x0000000090000000, 0x0000000090000000|100%| E|CS|TAMS 0x000000008ff00000| PB 0x000000008ff00000| Complete 
| 256|0x0000000090000000, 0x0000000090100000, 0x0000000090100000|100%| E|CS|TAMS 0x0000000090000000| PB 0x0000000090000000| Complete 
| 257|0x0000000090100000, 0x0000000090200000, 0x0000000090200000|100%| E|CS|TAMS 0x0000000090100000| PB 0x0000000090100000| Complete 
| 258|0x0000000090200000, 0x0000000090300000, 0x0000000090300000|100%| E|CS|TAMS 0x0000000090200000| PB 0x0000000090200000| Complete 
| 259|0x0000000090300000, 0x0000000090400000, 0x0000000090400000|100%| E|CS|TAMS 0x0000000090300000| PB 0x0000000090300000| Complete 
| 260|0x0000000090400000, 0x0000000090500000, 0x0000000090500000|100%| E|CS|TAMS 0x0000000090400000| PB 0x0000000090400000| Complete 
| 261|0x0000000090500000, 0x0000000090600000, 0x0000000090600000|100%| E|CS|TAMS 0x0000000090500000| PB 0x0000000090500000| Complete 
| 262|0x0000000090600000, 0x0000000090700000, 0x0000000090700000|100%| E|CS|TAMS 0x0000000090600000| PB 0x0000000090600000| Complete 
| 263|0x0000000090700000, 0x0000000090800000, 0x0000000090800000|100%| E|CS|TAMS 0x0000000090700000| PB 0x0000000090700000| Complete 
| 264|0x0000000090800000, 0x0000000090900000, 0x0000000090900000|100%| E|CS|TAMS 0x0000000090800000| PB 0x0000000090800000| Complete 
| 265|0x0000000090900000, 0x0000000090a00000, 0x0000000090a00000|100%| E|CS|TAMS 0x0000000090900000| PB 0x0000000090900000| Complete 
| 266|0x0000000090a00000, 0x0000000090b00000, 0x0000000090b00000|100%| E|CS|TAMS 0x0000000090a00000| PB 0x0000000090a00000| Complete 
| 267|0x0000000090b00000, 0x0000000090c00000, 0x0000000090c00000|100%| E|CS|TAMS 0x0000000090b00000| PB 0x0000000090b00000| Complete 
| 268|0x0000000090c00000, 0x0000000090d00000, 0x0000000090d00000|100%| E|CS|TAMS 0x0000000090c00000| PB 0x0000000090c00000| Complete 
| 269|0x0000000090d00000, 0x0000000090e00000, 0x0000000090e00000|100%| E|CS|TAMS 0x0000000090d00000| PB 0x0000000090d00000| Complete 
| 270|0x0000000090e00000, 0x0000000090f00000, 0x0000000090f00000|100%| E|CS|TAMS 0x0000000090e00000| PB 0x0000000090e00000| Complete 
| 271|0x0000000090f00000, 0x0000000091000000, 0x0000000091000000|100%| E|CS|TAMS 0x0000000090f00000| PB 0x0000000090f00000| Complete 
| 272|0x0000000091000000, 0x0000000091100000, 0x0000000091100000|100%| E|CS|TAMS 0x0000000091000000| PB 0x0000000091000000| Complete 
| 273|0x0000000091100000, 0x0000000091200000, 0x0000000091200000|100%| E|CS|TAMS 0x0000000091100000| PB 0x0000000091100000| Complete 
| 274|0x0000000091200000, 0x0000000091300000, 0x0000000091300000|100%| E|CS|TAMS 0x0000000091200000| PB 0x0000000091200000| Complete 
| 275|0x0000000091300000, 0x0000000091400000, 0x0000000091400000|100%| E|CS|TAMS 0x0000000091300000| PB 0x0000000091300000| Complete 
| 276|0x0000000091400000, 0x0000000091500000, 0x0000000091500000|100%| E|CS|TAMS 0x0000000091400000| PB 0x0000000091400000| Complete 
| 277|0x0000000091500000, 0x0000000091600000, 0x0000000091600000|100%| E|CS|TAMS 0x0000000091500000| PB 0x0000000091500000| Complete 
| 278|0x0000000091600000, 0x0000000091700000, 0x0000000091700000|100%| E|CS|TAMS 0x0000000091600000| PB 0x0000000091600000| Complete 
| 279|0x0000000091700000, 0x0000000091800000, 0x0000000091800000|100%| E|CS|TAMS 0x0000000091700000| PB 0x0000000091700000| Complete 
| 280|0x0000000091800000, 0x0000000091900000, 0x0000000091900000|100%| E|CS|TAMS 0x0000000091800000| PB 0x0000000091800000| Complete 
| 281|0x0000000091900000, 0x0000000091a00000, 0x0000000091a00000|100%| E|CS|TAMS 0x0000000091900000| PB 0x0000000091900000| Complete 
| 282|0x0000000091a00000, 0x0000000091b00000, 0x0000000091b00000|100%| E|CS|TAMS 0x0000000091a00000| PB 0x0000000091a00000| Complete 
| 283|0x0000000091b00000, 0x0000000091c00000, 0x0000000091c00000|100%| E|CS|TAMS 0x0000000091b00000| PB 0x0000000091b00000| Complete 
| 284|0x0000000091c00000, 0x0000000091d00000, 0x0000000091d00000|100%| E|CS|TAMS 0x0000000091c00000| PB 0x0000000091c00000| Complete 
| 285|0x0000000091d00000, 0x0000000091e00000, 0x0000000091e00000|100%| E|CS|TAMS 0x0000000091d00000| PB 0x0000000091d00000| Complete 
| 286|0x0000000091e00000, 0x0000000091f00000, 0x0000000091f00000|100%| E|CS|TAMS 0x0000000091e00000| PB 0x0000000091e00000| Complete 
| 287|0x0000000091f00000, 0x0000000092000000, 0x0000000092000000|100%| E|CS|TAMS 0x0000000091f00000| PB 0x0000000091f00000| Complete 
| 288|0x0000000092000000, 0x0000000092100000, 0x0000000092100000|100%| E|CS|TAMS 0x0000000092000000| PB 0x0000000092000000| Complete 
| 289|0x0000000092100000, 0x0000000092200000, 0x0000000092200000|100%| E|CS|TAMS 0x0000000092100000| PB 0x0000000092100000| Complete 
| 290|0x0000000092200000, 0x0000000092300000, 0x0000000092300000|100%| E|CS|TAMS 0x0000000092200000| PB 0x0000000092200000| Complete 
| 291|0x0000000092300000, 0x0000000092400000, 0x0000000092400000|100%| E|CS|TAMS 0x0000000092300000| PB 0x0000000092300000| Complete 
| 292|0x0000000092400000, 0x0000000092500000, 0x0000000092500000|100%| E|CS|TAMS 0x0000000092400000| PB 0x0000000092400000| Complete 
| 293|0x0000000092500000, 0x0000000092600000, 0x0000000092600000|100%| E|CS|TAMS 0x0000000092500000| PB 0x0000000092500000| Complete 
| 294|0x0000000092600000, 0x0000000092700000, 0x0000000092700000|100%| E|CS|TAMS 0x0000000092600000| PB 0x0000000092600000| Complete 
| 295|0x0000000092700000, 0x0000000092800000, 0x0000000092800000|100%| E|CS|TAMS 0x0000000092700000| PB 0x0000000092700000| Complete 
| 296|0x0000000092800000, 0x0000000092900000, 0x0000000092900000|100%| E|CS|TAMS 0x0000000092800000| PB 0x0000000092800000| Complete 
| 297|0x0000000092900000, 0x0000000092a00000, 0x0000000092a00000|100%| E|CS|TAMS 0x0000000092900000| PB 0x0000000092900000| Complete 
| 298|0x0000000092a00000, 0x0000000092b00000, 0x0000000092b00000|100%| E|CS|TAMS 0x0000000092a00000| PB 0x0000000092a00000| Complete 
| 299|0x0000000092b00000, 0x0000000092c00000, 0x0000000092c00000|100%| E|CS|TAMS 0x0000000092b00000| PB 0x0000000092b00000| Complete 
| 300|0x0000000092c00000, 0x0000000092d00000, 0x0000000092d00000|100%| E|CS|TAMS 0x0000000092c00000| PB 0x0000000092c00000| Complete 
| 301|0x0000000092d00000, 0x0000000092e00000, 0x0000000092e00000|100%| E|CS|TAMS 0x0000000092d00000| PB 0x0000000092d00000| Complete 
| 302|0x0000000092e00000, 0x0000000092f00000, 0x0000000092f00000|100%| E|CS|TAMS 0x0000000092e00000| PB 0x0000000092e00000| Complete 
| 303|0x0000000092f00000, 0x0000000093000000, 0x0000000093000000|100%| E|CS|TAMS 0x0000000092f00000| PB 0x0000000092f00000| Complete 
| 304|0x0000000093000000, 0x0000000093100000, 0x0000000093100000|100%| E|CS|TAMS 0x0000000093000000| PB 0x0000000093000000| Complete 
| 305|0x0000000093100000, 0x0000000093200000, 0x0000000093200000|100%| E|CS|TAMS 0x0000000093100000| PB 0x0000000093100000| Complete 
| 306|0x0000000093200000, 0x0000000093300000, 0x0000000093300000|100%| E|CS|TAMS 0x0000000093200000| PB 0x0000000093200000| Complete 
| 307|0x0000000093300000, 0x0000000093400000, 0x0000000093400000|100%| E|CS|TAMS 0x0000000093300000| PB 0x0000000093300000| Complete 
| 308|0x0000000093400000, 0x0000000093500000, 0x0000000093500000|100%| E|CS|TAMS 0x0000000093400000| PB 0x0000000093400000| Complete 
| 309|0x0000000093500000, 0x0000000093600000, 0x0000000093600000|100%| E|CS|TAMS 0x0000000093500000| PB 0x0000000093500000| Complete 
| 310|0x0000000093600000, 0x0000000093700000, 0x0000000093700000|100%| E|CS|TAMS 0x0000000093600000| PB 0x0000000093600000| Complete 
| 311|0x0000000093700000, 0x0000000093800000, 0x0000000093800000|100%| E|CS|TAMS 0x0000000093700000| PB 0x0000000093700000| Complete 
| 312|0x0000000093800000, 0x0000000093900000, 0x0000000093900000|100%| E|CS|TAMS 0x0000000093800000| PB 0x0000000093800000| Complete 
| 313|0x0000000093900000, 0x0000000093a00000, 0x0000000093a00000|100%| E|CS|TAMS 0x0000000093900000| PB 0x0000000093900000| Complete 
| 314|0x0000000093a00000, 0x0000000093b00000, 0x0000000093b00000|100%| E|CS|TAMS 0x0000000093a00000| PB 0x0000000093a00000| Complete 
| 315|0x0000000093b00000, 0x0000000093c00000, 0x0000000093c00000|100%| E|CS|TAMS 0x0000000093b00000| PB 0x0000000093b00000| Complete 
| 316|0x0000000093c00000, 0x0000000093d00000, 0x0000000093d00000|100%| E|CS|TAMS 0x0000000093c00000| PB 0x0000000093c00000| Complete 
| 317|0x0000000093d00000, 0x0000000093e00000, 0x0000000093e00000|100%| E|CS|TAMS 0x0000000093d00000| PB 0x0000000093d00000| Complete 
| 318|0x0000000093e00000, 0x0000000093f00000, 0x0000000093f00000|100%| E|CS|TAMS 0x0000000093e00000| PB 0x0000000093e00000| Complete 
| 319|0x0000000093f00000, 0x0000000094000000, 0x0000000094000000|100%| E|CS|TAMS 0x0000000093f00000| PB 0x0000000093f00000| Complete 
| 320|0x0000000094000000, 0x0000000094100000, 0x0000000094100000|100%| E|CS|TAMS 0x0000000094000000| PB 0x0000000094000000| Complete 
| 321|0x0000000094100000, 0x0000000094200000, 0x0000000094200000|100%| E|CS|TAMS 0x0000000094100000| PB 0x0000000094100000| Complete 
| 322|0x0000000094200000, 0x0000000094300000, 0x0000000094300000|100%| E|CS|TAMS 0x0000000094200000| PB 0x0000000094200000| Complete 
| 323|0x0000000094300000, 0x0000000094400000, 0x0000000094400000|100%| E|CS|TAMS 0x0000000094300000| PB 0x0000000094300000| Complete 
| 324|0x0000000094400000, 0x0000000094500000, 0x0000000094500000|100%| E|CS|TAMS 0x0000000094400000| PB 0x0000000094400000| Complete 
| 325|0x0000000094500000, 0x0000000094600000, 0x0000000094600000|100%| E|CS|TAMS 0x0000000094500000| PB 0x0000000094500000| Complete 
| 326|0x0000000094600000, 0x0000000094700000, 0x0000000094700000|100%| E|CS|TAMS 0x0000000094600000| PB 0x0000000094600000| Complete 
| 327|0x0000000094700000, 0x0000000094800000, 0x0000000094800000|100%| E|CS|TAMS 0x0000000094700000| PB 0x0000000094700000| Complete 
| 328|0x0000000094800000, 0x0000000094900000, 0x0000000094900000|100%| E|CS|TAMS 0x0000000094800000| PB 0x0000000094800000| Complete 
| 329|0x0000000094900000, 0x0000000094a00000, 0x0000000094a00000|100%| E|CS|TAMS 0x0000000094900000| PB 0x0000000094900000| Complete 
| 330|0x0000000094a00000, 0x0000000094b00000, 0x0000000094b00000|100%| E|CS|TAMS 0x0000000094a00000| PB 0x0000000094a00000| Complete 
| 331|0x0000000094b00000, 0x0000000094c00000, 0x0000000094c00000|100%| E|CS|TAMS 0x0000000094b00000| PB 0x0000000094b00000| Complete 
| 332|0x0000000094c00000, 0x0000000094d00000, 0x0000000094d00000|100%| E|CS|TAMS 0x0000000094c00000| PB 0x0000000094c00000| Complete 
| 333|0x0000000094d00000, 0x0000000094e00000, 0x0000000094e00000|100%| E|CS|TAMS 0x0000000094d00000| PB 0x0000000094d00000| Complete 
| 334|0x0000000094e00000, 0x0000000094f00000, 0x0000000094f00000|100%| E|CS|TAMS 0x0000000094e00000| PB 0x0000000094e00000| Complete 
| 335|0x0000000094f00000, 0x0000000095000000, 0x0000000095000000|100%| E|CS|TAMS 0x0000000094f00000| PB 0x0000000094f00000| Complete 
| 336|0x0000000095000000, 0x0000000095100000, 0x0000000095100000|100%| E|CS|TAMS 0x0000000095000000| PB 0x0000000095000000| Complete 
| 337|0x0000000095100000, 0x0000000095200000, 0x0000000095200000|100%| E|CS|TAMS 0x0000000095100000| PB 0x0000000095100000| Complete 
| 338|0x0000000095200000, 0x0000000095300000, 0x0000000095300000|100%| E|CS|TAMS 0x0000000095200000| PB 0x0000000095200000| Complete 
| 339|0x0000000095300000, 0x0000000095400000, 0x0000000095400000|100%| E|CS|TAMS 0x0000000095300000| PB 0x0000000095300000| Complete 
| 340|0x0000000095400000, 0x0000000095500000, 0x0000000095500000|100%| E|CS|TAMS 0x0000000095400000| PB 0x0000000095400000| Complete 
| 341|0x0000000095500000, 0x0000000095600000, 0x0000000095600000|100%| E|CS|TAMS 0x0000000095500000| PB 0x0000000095500000| Complete 
| 342|0x0000000095600000, 0x0000000095700000, 0x0000000095700000|100%| E|CS|TAMS 0x0000000095600000| PB 0x0000000095600000| Complete 
| 343|0x0000000095700000, 0x0000000095800000, 0x0000000095800000|100%| E|CS|TAMS 0x0000000095700000| PB 0x0000000095700000| Complete 
| 344|0x0000000095800000, 0x0000000095900000, 0x0000000095900000|100%| E|CS|TAMS 0x0000000095800000| PB 0x0000000095800000| Complete 
| 345|0x0000000095900000, 0x0000000095a00000, 0x0000000095a00000|100%| E|CS|TAMS 0x0000000095900000| PB 0x0000000095900000| Complete 
| 346|0x0000000095a00000, 0x0000000095b00000, 0x0000000095b00000|100%| E|CS|TAMS 0x0000000095a00000| PB 0x0000000095a00000| Complete 
| 347|0x0000000095b00000, 0x0000000095c00000, 0x0000000095c00000|100%| E|CS|TAMS 0x0000000095b00000| PB 0x0000000095b00000| Complete 
| 348|0x0000000095c00000, 0x0000000095d00000, 0x0000000095d00000|100%| E|CS|TAMS 0x0000000095c00000| PB 0x0000000095c00000| Complete 
| 349|0x0000000095d00000, 0x0000000095e00000, 0x0000000095e00000|100%| E|CS|TAMS 0x0000000095d00000| PB 0x0000000095d00000| Complete 
| 350|0x0000000095e00000, 0x0000000095f00000, 0x0000000095f00000|100%| E|CS|TAMS 0x0000000095e00000| PB 0x0000000095e00000| Complete 
| 351|0x0000000095f00000, 0x0000000096000000, 0x0000000096000000|100%| E|CS|TAMS 0x0000000095f00000| PB 0x0000000095f00000| Complete 
| 352|0x0000000096000000, 0x0000000096100000, 0x0000000096100000|100%| E|CS|TAMS 0x0000000096000000| PB 0x0000000096000000| Complete 
| 353|0x0000000096100000, 0x0000000096200000, 0x0000000096200000|100%| E|CS|TAMS 0x0000000096100000| PB 0x0000000096100000| Complete 
| 354|0x0000000096200000, 0x0000000096300000, 0x0000000096300000|100%| E|CS|TAMS 0x0000000096200000| PB 0x0000000096200000| Complete 
| 355|0x0000000096300000, 0x0000000096400000, 0x0000000096400000|100%| E|CS|TAMS 0x0000000096300000| PB 0x0000000096300000| Complete 
| 356|0x0000000096400000, 0x0000000096500000, 0x0000000096500000|100%| E|CS|TAMS 0x0000000096400000| PB 0x0000000096400000| Complete 
| 357|0x0000000096500000, 0x0000000096600000, 0x0000000096600000|100%| E|CS|TAMS 0x0000000096500000| PB 0x0000000096500000| Complete 
| 358|0x0000000096600000, 0x0000000096700000, 0x0000000096700000|100%| E|CS|TAMS 0x0000000096600000| PB 0x0000000096600000| Complete 
| 359|0x0000000096700000, 0x0000000096800000, 0x0000000096800000|100%| E|CS|TAMS 0x0000000096700000| PB 0x0000000096700000| Complete 
| 360|0x0000000096800000, 0x0000000096900000, 0x0000000096900000|100%| E|CS|TAMS 0x0000000096800000| PB 0x0000000096800000| Complete 
| 361|0x0000000096900000, 0x0000000096a00000, 0x0000000096a00000|100%| E|CS|TAMS 0x0000000096900000| PB 0x0000000096900000| Complete 
| 362|0x0000000096a00000, 0x0000000096b00000, 0x0000000096b00000|100%| E|CS|TAMS 0x0000000096a00000| PB 0x0000000096a00000| Complete 
| 363|0x0000000096b00000, 0x0000000096c00000, 0x0000000096c00000|100%| E|CS|TAMS 0x0000000096b00000| PB 0x0000000096b00000| Complete 
| 364|0x0000000096c00000, 0x0000000096d00000, 0x0000000096d00000|100%| E|CS|TAMS 0x0000000096c00000| PB 0x0000000096c00000| Complete 
| 365|0x0000000096d00000, 0x0000000096e00000, 0x0000000096e00000|100%| E|CS|TAMS 0x0000000096d00000| PB 0x0000000096d00000| Complete 
| 366|0x0000000096e00000, 0x0000000096f00000, 0x0000000096f00000|100%| E|CS|TAMS 0x0000000096e00000| PB 0x0000000096e00000| Complete 
| 367|0x0000000096f00000, 0x0000000097000000, 0x0000000097000000|100%| E|CS|TAMS 0x0000000096f00000| PB 0x0000000096f00000| Complete 
| 368|0x0000000097000000, 0x0000000097100000, 0x0000000097100000|100%| E|CS|TAMS 0x0000000097000000| PB 0x0000000097000000| Complete 
| 369|0x0000000097100000, 0x0000000097200000, 0x0000000097200000|100%| E|CS|TAMS 0x0000000097100000| PB 0x0000000097100000| Complete 
| 370|0x0000000097200000, 0x0000000097300000, 0x0000000097300000|100%| E|CS|TAMS 0x0000000097200000| PB 0x0000000097200000| Complete 
| 371|0x0000000097300000, 0x0000000097400000, 0x0000000097400000|100%| E|CS|TAMS 0x0000000097300000| PB 0x0000000097300000| Complete 
| 372|0x0000000097400000, 0x0000000097500000, 0x0000000097500000|100%| E|CS|TAMS 0x0000000097400000| PB 0x0000000097400000| Complete 
| 373|0x0000000097500000, 0x0000000097600000, 0x0000000097600000|100%| E|CS|TAMS 0x0000000097500000| PB 0x0000000097500000| Complete 
| 374|0x0000000097600000, 0x0000000097700000, 0x0000000097700000|100%| E|CS|TAMS 0x0000000097600000| PB 0x0000000097600000| Complete 
| 375|0x0000000097700000, 0x0000000097800000, 0x0000000097800000|100%| E|CS|TAMS 0x0000000097700000| PB 0x0000000097700000| Complete 
| 376|0x0000000097800000, 0x0000000097900000, 0x0000000097900000|100%| E|CS|TAMS 0x0000000097800000| PB 0x0000000097800000| Complete 
| 377|0x0000000097900000, 0x0000000097a00000, 0x0000000097a00000|100%| E|CS|TAMS 0x0000000097900000| PB 0x0000000097900000| Complete 
| 378|0x0000000097a00000, 0x0000000097b00000, 0x0000000097b00000|100%| E|CS|TAMS 0x0000000097a00000| PB 0x0000000097a00000| Complete 
| 379|0x0000000097b00000, 0x0000000097c00000, 0x0000000097c00000|100%| E|CS|TAMS 0x0000000097b00000| PB 0x0000000097b00000| Complete 
| 380|0x0000000097c00000, 0x0000000097d00000, 0x0000000097d00000|100%| E|CS|TAMS 0x0000000097c00000| PB 0x0000000097c00000| Complete 
| 381|0x0000000097d00000, 0x0000000097e00000, 0x0000000097e00000|100%| E|CS|TAMS 0x0000000097d00000| PB 0x0000000097d00000| Complete 
| 382|0x0000000097e00000, 0x0000000097f00000, 0x0000000097f00000|100%| E|CS|TAMS 0x0000000097e00000| PB 0x0000000097e00000| Complete 
| 383|0x0000000097f00000, 0x0000000098000000, 0x0000000098000000|100%| E|CS|TAMS 0x0000000097f00000| PB 0x0000000097f00000| Complete 
| 384|0x0000000098000000, 0x0000000098100000, 0x0000000098100000|100%| E|CS|TAMS 0x0000000098000000| PB 0x0000000098000000| Complete 
| 385|0x0000000098100000, 0x0000000098200000, 0x0000000098200000|100%| E|CS|TAMS 0x0000000098100000| PB 0x0000000098100000| Complete 
| 386|0x0000000098200000, 0x0000000098300000, 0x0000000098300000|100%| E|CS|TAMS 0x0000000098200000| PB 0x0000000098200000| Complete 
| 387|0x0000000098300000, 0x0000000098400000, 0x0000000098400000|100%| E|CS|TAMS 0x0000000098300000| PB 0x0000000098300000| Complete 
| 388|0x0000000098400000, 0x0000000098500000, 0x0000000098500000|100%| E|CS|TAMS 0x0000000098400000| PB 0x0000000098400000| Complete 
| 389|0x0000000098500000, 0x0000000098600000, 0x0000000098600000|100%| E|CS|TAMS 0x0000000098500000| PB 0x0000000098500000| Complete 
| 390|0x0000000098600000, 0x0000000098700000, 0x0000000098700000|100%| E|CS|TAMS 0x0000000098600000| PB 0x0000000098600000| Complete 
| 391|0x0000000098700000, 0x0000000098800000, 0x0000000098800000|100%| E|CS|TAMS 0x0000000098700000| PB 0x0000000098700000| Complete 
| 392|0x0000000098800000, 0x0000000098900000, 0x0000000098900000|100%| E|CS|TAMS 0x0000000098800000| PB 0x0000000098800000| Complete 
| 393|0x0000000098900000, 0x0000000098a00000, 0x0000000098a00000|100%| E|CS|TAMS 0x0000000098900000| PB 0x0000000098900000| Complete 
| 394|0x0000000098a00000, 0x0000000098b00000, 0x0000000098b00000|100%| E|CS|TAMS 0x0000000098a00000| PB 0x0000000098a00000| Complete 
| 395|0x0000000098b00000, 0x0000000098c00000, 0x0000000098c00000|100%| E|CS|TAMS 0x0000000098b00000| PB 0x0000000098b00000| Complete 
| 396|0x0000000098c00000, 0x0000000098d00000, 0x0000000098d00000|100%| E|CS|TAMS 0x0000000098c00000| PB 0x0000000098c00000| Complete 
| 397|0x0000000098d00000, 0x0000000098e00000, 0x0000000098e00000|100%| E|CS|TAMS 0x0000000098d00000| PB 0x0000000098d00000| Complete 
| 398|0x0000000098e00000, 0x0000000098f00000, 0x0000000098f00000|100%| E|CS|TAMS 0x0000000098e00000| PB 0x0000000098e00000| Complete 
| 399|0x0000000098f00000, 0x0000000099000000, 0x0000000099000000|100%| E|CS|TAMS 0x0000000098f00000| PB 0x0000000098f00000| Complete 
| 400|0x0000000099000000, 0x0000000099100000, 0x0000000099100000|100%| E|CS|TAMS 0x0000000099000000| PB 0x0000000099000000| Complete 
| 401|0x0000000099100000, 0x0000000099200000, 0x0000000099200000|100%| E|CS|TAMS 0x0000000099100000| PB 0x0000000099100000| Complete 
| 402|0x0000000099200000, 0x0000000099300000, 0x0000000099300000|100%| E|CS|TAMS 0x0000000099200000| PB 0x0000000099200000| Complete 
| 403|0x0000000099300000, 0x0000000099400000, 0x0000000099400000|100%| E|CS|TAMS 0x0000000099300000| PB 0x0000000099300000| Complete 
| 404|0x0000000099400000, 0x0000000099500000, 0x0000000099500000|100%| E|CS|TAMS 0x0000000099400000| PB 0x0000000099400000| Complete 
| 405|0x0000000099500000, 0x0000000099600000, 0x0000000099600000|100%| E|CS|TAMS 0x0000000099500000| PB 0x0000000099500000| Complete 
| 406|0x0000000099600000, 0x0000000099700000, 0x0000000099700000|100%| E|CS|TAMS 0x0000000099600000| PB 0x0000000099600000| Complete 
| 407|0x0000000099700000, 0x0000000099800000, 0x0000000099800000|100%| E|CS|TAMS 0x0000000099700000| PB 0x0000000099700000| Complete 
| 408|0x0000000099800000, 0x0000000099900000, 0x0000000099900000|100%| E|CS|TAMS 0x0000000099800000| PB 0x0000000099800000| Complete 
| 409|0x0000000099900000, 0x0000000099a00000, 0x0000000099a00000|100%| E|CS|TAMS 0x0000000099900000| PB 0x0000000099900000| Complete 
| 410|0x0000000099a00000, 0x0000000099b00000, 0x0000000099b00000|100%| E|CS|TAMS 0x0000000099a00000| PB 0x0000000099a00000| Complete 
| 411|0x0000000099b00000, 0x0000000099c00000, 0x0000000099c00000|100%| E|CS|TAMS 0x0000000099b00000| PB 0x0000000099b00000| Complete 
| 412|0x0000000099c00000, 0x0000000099d00000, 0x0000000099d00000|100%| E|CS|TAMS 0x0000000099c00000| PB 0x0000000099c00000| Complete 
| 413|0x0000000099d00000, 0x0000000099e00000, 0x0000000099e00000|100%| E|CS|TAMS 0x0000000099d00000| PB 0x0000000099d00000| Complete 
| 414|0x0000000099e00000, 0x0000000099f00000, 0x0000000099f00000|100%| E|CS|TAMS 0x0000000099e00000| PB 0x0000000099e00000| Complete 
| 415|0x0000000099f00000, 0x000000009a000000, 0x000000009a000000|100%| E|CS|TAMS 0x0000000099f00000| PB 0x0000000099f00000| Complete 
| 416|0x000000009a000000, 0x000000009a100000, 0x000000009a100000|100%| E|CS|TAMS 0x000000009a000000| PB 0x000000009a000000| Complete 
| 417|0x000000009a100000, 0x000000009a200000, 0x000000009a200000|100%| E|CS|TAMS 0x000000009a100000| PB 0x000000009a100000| Complete 
| 418|0x000000009a200000, 0x000000009a300000, 0x000000009a300000|100%| E|CS|TAMS 0x000000009a200000| PB 0x000000009a200000| Complete 
| 419|0x000000009a300000, 0x000000009a400000, 0x000000009a400000|100%| E|CS|TAMS 0x000000009a300000| PB 0x000000009a300000| Complete 
| 420|0x000000009a400000, 0x000000009a500000, 0x000000009a500000|100%| E|CS|TAMS 0x000000009a400000| PB 0x000000009a400000| Complete 
| 421|0x000000009a500000, 0x000000009a600000, 0x000000009a600000|100%| E|CS|TAMS 0x000000009a500000| PB 0x000000009a500000| Complete 
| 422|0x000000009a600000, 0x000000009a700000, 0x000000009a700000|100%| E|CS|TAMS 0x000000009a600000| PB 0x000000009a600000| Complete 
| 423|0x000000009a700000, 0x000000009a800000, 0x000000009a800000|100%| E|CS|TAMS 0x000000009a700000| PB 0x000000009a700000| Complete 
| 424|0x000000009a800000, 0x000000009a900000, 0x000000009a900000|100%| E|CS|TAMS 0x000000009a800000| PB 0x000000009a800000| Complete 
| 425|0x000000009a900000, 0x000000009aa00000, 0x000000009aa00000|100%| E|CS|TAMS 0x000000009a900000| PB 0x000000009a900000| Complete 
| 426|0x000000009aa00000, 0x000000009ab00000, 0x000000009ab00000|100%| E|CS|TAMS 0x000000009aa00000| PB 0x000000009aa00000| Complete 
| 427|0x000000009ab00000, 0x000000009ac00000, 0x000000009ac00000|100%| E|CS|TAMS 0x000000009ab00000| PB 0x000000009ab00000| Complete 
| 428|0x000000009ac00000, 0x000000009ad00000, 0x000000009ad00000|100%| E|CS|TAMS 0x000000009ac00000| PB 0x000000009ac00000| Complete 
| 429|0x000000009ad00000, 0x000000009ae00000, 0x000000009ae00000|100%| E|CS|TAMS 0x000000009ad00000| PB 0x000000009ad00000| Complete 
| 430|0x000000009ae00000, 0x000000009af00000, 0x000000009af00000|100%| E|CS|TAMS 0x000000009ae00000| PB 0x000000009ae00000| Complete 
| 431|0x000000009af00000, 0x000000009b000000, 0x000000009b000000|100%| E|CS|TAMS 0x000000009af00000| PB 0x000000009af00000| Complete 
| 432|0x000000009b000000, 0x000000009b100000, 0x000000009b100000|100%| E|CS|TAMS 0x000000009b000000| PB 0x000000009b000000| Complete 
| 433|0x000000009b100000, 0x000000009b200000, 0x000000009b200000|100%| E|CS|TAMS 0x000000009b100000| PB 0x000000009b100000| Complete 
| 434|0x000000009b200000, 0x000000009b300000, 0x000000009b300000|100%| E|CS|TAMS 0x000000009b200000| PB 0x000000009b200000| Complete 
| 435|0x000000009b300000, 0x000000009b400000, 0x000000009b400000|100%| E|CS|TAMS 0x000000009b300000| PB 0x000000009b300000| Complete 
| 436|0x000000009b400000, 0x000000009b500000, 0x000000009b500000|100%| E|CS|TAMS 0x000000009b400000| PB 0x000000009b400000| Complete 
| 437|0x000000009b500000, 0x000000009b600000, 0x000000009b600000|100%| E|CS|TAMS 0x000000009b500000| PB 0x000000009b500000| Complete 
| 438|0x000000009b600000, 0x000000009b700000, 0x000000009b700000|100%| E|CS|TAMS 0x000000009b600000| PB 0x000000009b600000| Complete 
| 439|0x000000009b700000, 0x000000009b800000, 0x000000009b800000|100%| E|CS|TAMS 0x000000009b700000| PB 0x000000009b700000| Complete 
| 440|0x000000009b800000, 0x000000009b900000, 0x000000009b900000|100%| E|CS|TAMS 0x000000009b800000| PB 0x000000009b800000| Complete 
| 441|0x000000009b900000, 0x000000009ba00000, 0x000000009ba00000|100%| E|CS|TAMS 0x000000009b900000| PB 0x000000009b900000| Complete 
| 442|0x000000009ba00000, 0x000000009bb00000, 0x000000009bb00000|100%| E|CS|TAMS 0x000000009ba00000| PB 0x000000009ba00000| Complete 
| 443|0x000000009bb00000, 0x000000009bc00000, 0x000000009bc00000|100%| E|CS|TAMS 0x000000009bb00000| PB 0x000000009bb00000| Complete 
| 444|0x000000009bc00000, 0x000000009bd00000, 0x000000009bd00000|100%| E|CS|TAMS 0x000000009bc00000| PB 0x000000009bc00000| Complete 
| 445|0x000000009bd00000, 0x000000009be00000, 0x000000009be00000|100%| E|CS|TAMS 0x000000009bd00000| PB 0x000000009bd00000| Complete 
| 446|0x000000009be00000, 0x000000009bf00000, 0x000000009bf00000|100%| E|CS|TAMS 0x000000009be00000| PB 0x000000009be00000| Complete 
| 447|0x000000009bf00000, 0x000000009c000000, 0x000000009c000000|100%| E|CS|TAMS 0x000000009bf00000| PB 0x000000009bf00000| Complete 
| 448|0x000000009c000000, 0x000000009c100000, 0x000000009c100000|100%| E|CS|TAMS 0x000000009c000000| PB 0x000000009c000000| Complete 
| 449|0x000000009c100000, 0x000000009c200000, 0x000000009c200000|100%| E|CS|TAMS 0x000000009c100000| PB 0x000000009c100000| Complete 
| 450|0x000000009c200000, 0x000000009c300000, 0x000000009c300000|100%| E|CS|TAMS 0x000000009c200000| PB 0x000000009c200000| Complete 
| 451|0x000000009c300000, 0x000000009c400000, 0x000000009c400000|100%| E|CS|TAMS 0x000000009c300000| PB 0x000000009c300000| Complete 
| 452|0x000000009c400000, 0x000000009c500000, 0x000000009c500000|100%| E|CS|TAMS 0x000000009c400000| PB 0x000000009c400000| Complete 
| 453|0x000000009c500000, 0x000000009c600000, 0x000000009c600000|100%| E|CS|TAMS 0x000000009c500000| PB 0x000000009c500000| Complete 
| 454|0x000000009c600000, 0x000000009c700000, 0x000000009c700000|100%| E|CS|TAMS 0x000000009c600000| PB 0x000000009c600000| Complete 
| 455|0x000000009c700000, 0x000000009c800000, 0x000000009c800000|100%| E|CS|TAMS 0x000000009c700000| PB 0x000000009c700000| Complete 
| 456|0x000000009c800000, 0x000000009c900000, 0x000000009c900000|100%| E|CS|TAMS 0x000000009c800000| PB 0x000000009c800000| Complete 
| 457|0x000000009c900000, 0x000000009ca00000, 0x000000009ca00000|100%| E|CS|TAMS 0x000000009c900000| PB 0x000000009c900000| Complete 
| 458|0x000000009ca00000, 0x000000009cb00000, 0x000000009cb00000|100%| E|CS|TAMS 0x000000009ca00000| PB 0x000000009ca00000| Complete 
| 459|0x000000009cb00000, 0x000000009cc00000, 0x000000009cc00000|100%| E|CS|TAMS 0x000000009cb00000| PB 0x000000009cb00000| Complete 
| 460|0x000000009cc00000, 0x000000009cd00000, 0x000000009cd00000|100%| E|CS|TAMS 0x000000009cc00000| PB 0x000000009cc00000| Complete 
| 461|0x000000009cd00000, 0x000000009ce00000, 0x000000009ce00000|100%| E|CS|TAMS 0x000000009cd00000| PB 0x000000009cd00000| Complete 
| 462|0x000000009ce00000, 0x000000009cf00000, 0x000000009cf00000|100%| E|CS|TAMS 0x000000009ce00000| PB 0x000000009ce00000| Complete 
| 463|0x000000009cf00000, 0x000000009d000000, 0x000000009d000000|100%| E|CS|TAMS 0x000000009cf00000| PB 0x000000009cf00000| Complete 
| 464|0x000000009d000000, 0x000000009d100000, 0x000000009d100000|100%| E|CS|TAMS 0x000000009d000000| PB 0x000000009d000000| Complete 
| 465|0x000000009d100000, 0x000000009d200000, 0x000000009d200000|100%| E|CS|TAMS 0x000000009d100000| PB 0x000000009d100000| Complete 
| 466|0x000000009d200000, 0x000000009d300000, 0x000000009d300000|100%| E|CS|TAMS 0x000000009d200000| PB 0x000000009d200000| Complete 
| 467|0x000000009d300000, 0x000000009d400000, 0x000000009d400000|100%| E|CS|TAMS 0x000000009d300000| PB 0x000000009d300000| Complete 
| 468|0x000000009d400000, 0x000000009d500000, 0x000000009d500000|100%| E|CS|TAMS 0x000000009d400000| PB 0x000000009d400000| Complete 
| 469|0x000000009d500000, 0x000000009d600000, 0x000000009d600000|100%| E|CS|TAMS 0x000000009d500000| PB 0x000000009d500000| Complete 
| 470|0x000000009d600000, 0x000000009d700000, 0x000000009d700000|100%| E|CS|TAMS 0x000000009d600000| PB 0x000000009d600000| Complete 
| 471|0x000000009d700000, 0x000000009d800000, 0x000000009d800000|100%| E|CS|TAMS 0x000000009d700000| PB 0x000000009d700000| Complete 
| 472|0x000000009d800000, 0x000000009d900000, 0x000000009d900000|100%| E|CS|TAMS 0x000000009d800000| PB 0x000000009d800000| Complete 
| 473|0x000000009d900000, 0x000000009da00000, 0x000000009da00000|100%| E|CS|TAMS 0x000000009d900000| PB 0x000000009d900000| Complete 
| 474|0x000000009da00000, 0x000000009db00000, 0x000000009db00000|100%| E|CS|TAMS 0x000000009da00000| PB 0x000000009da00000| Complete 
| 475|0x000000009db00000, 0x000000009dc00000, 0x000000009dc00000|100%| E|CS|TAMS 0x000000009db00000| PB 0x000000009db00000| Complete 
| 476|0x000000009dc00000, 0x000000009dd00000, 0x000000009dd00000|100%| E|CS|TAMS 0x000000009dc00000| PB 0x000000009dc00000| Complete 
| 477|0x000000009dd00000, 0x000000009de00000, 0x000000009de00000|100%| E|CS|TAMS 0x000000009dd00000| PB 0x000000009dd00000| Complete 
| 478|0x000000009de00000, 0x000000009df00000, 0x000000009df00000|100%| E|CS|TAMS 0x000000009de00000| PB 0x000000009de00000| Complete 
| 479|0x000000009df00000, 0x000000009e000000, 0x000000009e000000|100%| E|CS|TAMS 0x000000009df00000| PB 0x000000009df00000| Complete 
| 480|0x000000009e000000, 0x000000009e100000, 0x000000009e100000|100%| E|CS|TAMS 0x000000009e000000| PB 0x000000009e000000| Complete 
| 481|0x000000009e100000, 0x000000009e200000, 0x000000009e200000|100%| E|CS|TAMS 0x000000009e100000| PB 0x000000009e100000| Complete 
| 482|0x000000009e200000, 0x000000009e300000, 0x000000009e300000|100%| E|CS|TAMS 0x000000009e200000| PB 0x000000009e200000| Complete 
| 483|0x000000009e300000, 0x000000009e400000, 0x000000009e400000|100%| E|CS|TAMS 0x000000009e300000| PB 0x000000009e300000| Complete 
| 484|0x000000009e400000, 0x000000009e500000, 0x000000009e500000|100%| E|CS|TAMS 0x000000009e400000| PB 0x000000009e400000| Complete 
| 485|0x000000009e500000, 0x000000009e600000, 0x000000009e600000|100%| E|CS|TAMS 0x000000009e500000| PB 0x000000009e500000| Complete 
| 486|0x000000009e600000, 0x000000009e700000, 0x000000009e700000|100%| E|CS|TAMS 0x000000009e600000| PB 0x000000009e600000| Complete 
| 487|0x000000009e700000, 0x000000009e800000, 0x000000009e800000|100%| E|CS|TAMS 0x000000009e700000| PB 0x000000009e700000| Complete 
| 488|0x000000009e800000, 0x000000009e900000, 0x000000009e900000|100%| E|CS|TAMS 0x000000009e800000| PB 0x000000009e800000| Complete 
| 507|0x000000009fb00000, 0x000000009fc00000, 0x000000009fc00000|100%| E|CS|TAMS 0x000000009fb00000| PB 0x000000009fb00000| Complete 
|2033|0x00000000ff100000, 0x00000000ff200000, 0x00000000ff200000|100%| E|CS|TAMS 0x00000000ff100000| PB 0x00000000ff100000| Complete 
|2034|0x00000000ff200000, 0x00000000ff300000, 0x00000000ff300000|100%| O|  |TAMS 0x00000000ff200000| PB 0x00000000ff200000| Untracked 
|2035|0x00000000ff300000, 0x00000000ff400000, 0x00000000ff400000|100%| O|  |TAMS 0x00000000ff300000| PB 0x00000000ff300000| Untracked 
|2036|0x00000000ff400000, 0x00000000ff500000, 0x00000000ff500000|100%| O|  |TAMS 0x00000000ff400000| PB 0x00000000ff400000| Untracked 
|2037|0x00000000ff500000, 0x00000000ff600000, 0x00000000ff600000|100%| O|  |TAMS 0x00000000ff500000| PB 0x00000000ff500000| Untracked 
|2038|0x00000000ff600000, 0x00000000ff700000, 0x00000000ff700000|100%| O|  |TAMS 0x00000000ff600000| PB 0x00000000ff600000| Untracked 
|2039|0x00000000ff700000, 0x00000000ff800000, 0x00000000ff800000|100%| O|  |TAMS 0x00000000ff700000| PB 0x00000000ff700000| Untracked 
|2040|0x00000000ff800000, 0x00000000ff900000, 0x00000000ff900000|100%| O|  |TAMS 0x00000000ff800000| PB 0x00000000ff800000| Untracked 
|2041|0x00000000ff900000, 0x00000000ffa00000, 0x00000000ffa00000|100%| O|  |TAMS 0x00000000ff900000| PB 0x00000000ff900000| Untracked 
|2042|0x00000000ffa00000, 0x00000000ffb00000, 0x00000000ffb00000|100%| O|  |TAMS 0x00000000ffa00000| PB 0x00000000ffa00000| Untracked 
|2043|0x00000000ffb00000, 0x00000000ffc00000, 0x00000000ffc00000|100%| O|  |TAMS 0x00000000ffb00000| PB 0x00000000ffb00000| Untracked 
|2044|0x00000000ffc00000, 0x00000000ffd00000, 0x00000000ffd00000|100%| O|  |TAMS 0x00000000ffc00000| PB 0x00000000ffc00000| Untracked 
|2045|0x00000000ffd00000, 0x00000000ffe00000, 0x00000000ffe00000|100%| O|  |TAMS 0x00000000ffd00000| PB 0x00000000ffd00000| Untracked 
|2046|0x00000000ffe00000, 0x00000000fff00000, 0x00000000fff00000|100%| O|  |TAMS 0x00000000ffe00000| PB 0x00000000ffe00000| Untracked 
|2047|0x00000000fff00000, 0x0000000100000000, 0x0000000100000000|100%| O|  |TAMS 0x00000000fff00000| PB 0x00000000fff00000| Untracked 

Card table byte_map: [0x00000222dbcd0000,0x00000222dc0d0000] _byte_map_base: 0x00000222db8d0000

Marking Bits: (CMBitMap*) 0x00000222de2418e0
 Bits: [0x00000222dc0d0000, 0x00000222de0d0000)

Polling page: 0x00000222c08f0000

Metaspace:

Usage:
  Non-class:    121.16 MB used.
      Class:     17.97 MB used.
       Both:    139.13 MB used.

Virtual space:
  Non-class space:      128.00 MB reserved,     122.25 MB ( 96%) committed,  2 nodes.
      Class space:        1.00 GB reserved,      19.00 MB (  2%) committed,  1 nodes.
             Both:        1.12 GB reserved,     141.25 MB ( 12%) committed. 

Chunk freelists:
   Non-Class:  5.69 MB
       Class:  13.04 MB
        Both:  18.73 MB

MaxMetaspaceSize: unlimited
CompressedClassSpaceSize: 1.00 GB
Initial GC threshold: 21.00 MB
Current GC threshold: 204.50 MB
CDS: on
 - commit_granule_bytes: 65536.
 - commit_granule_words: 8192.
 - virtual_space_node_default_size: 8388608.
 - enlarge_chunks_in_place: 1.
 - use_allocation_guard: 0.


Internal statistics:

num_allocs_failed_limit: 9.
num_arena_births: 3912.
num_arena_deaths: 10.
num_vsnodes_births: 3.
num_vsnodes_deaths: 0.
num_space_committed: 2259.
num_space_uncommitted: 0.
num_chunks_returned_to_freelist: 25.
num_chunks_taken_from_freelist: 9510.
num_chunk_merges: 9.
num_chunk_splits: 6757.
num_chunks_enlarged: 4874.
num_inconsistent_stats: 0.

CodeHeap 'non-profiled nmethods': size=118848Kb used=12529Kb max_used=14955Kb free=106318Kb
 bounds [0x00000222d2a50000, 0x00000222d38f0000, 0x00000222d9e60000]
CodeHeap 'profiled nmethods': size=118848Kb used=28457Kb max_used=31577Kb free=90390Kb
 bounds [0x00000222cae60000, 0x00000222ccdd0000, 0x00000222d2270000]
CodeHeap 'non-nmethods': size=8064Kb used=4538Kb max_used=4579Kb free=3525Kb
 bounds [0x00000222d2270000, 0x00000222d26f0000, 0x00000222d2a50000]
CodeCache: size=245760Kb, used=45524Kb, max_used=51111Kb, free=200233Kb
 total_blobs=14917, nmethods=13799, adapters=1017, full_count=0
Compilation: enabled, stopped_count=0, restarted_count=0

Compilation events (20 events):
Event: 22.832 Thread 0x000002232e16e770 nmethod 17764 0x00000222d344b910 code [0x00000222d344bac0, 0x00000222d344bc68]
Event: 22.832 Thread 0x000002232d337f30 nmethod 17771 0x00000222d344b590 code [0x00000222d344b720, 0x00000222d344b7f8]
Event: 22.832 Thread 0x00000223330627c0 nmethod 17772 0x00000222d344af10 code [0x00000222d344b0a0, 0x00000222d344b238]
Event: 22.844 Thread 0x00000222e1ec3100 17773       4       java.lang.Integer::equals (29 bytes)
Event: 22.845 Thread 0x000002232a8a1b20 17774       1       java.security.AlgorithmParameters::getProvider (5 bytes)
Event: 22.845 Thread 0x000002232b00c3a0 17775       3       sun.security.ssl.SignatureScheme::isPermitted (122 bytes)
Event: 22.845 Thread 0x000002232a8a1b20 nmethod 17774 0x00000222d2b8d390 code [0x00000222d2b8d520, 0x00000222d2b8d5e8]
Event: 22.845 Thread 0x000002232a8a1b20 17776       3       sun.security.ssl.SSLConfiguration::isAvailable (78 bytes)
Event: 22.845 Thread 0x000002232e16e770 17777       4       java.lang.StringConcatHelper::simpleConcat (94 bytes)
Event: 22.845 Thread 0x00000222e1ed3ba0 17778       3       sun.security.jca.ProviderList$ServiceList::addService (60 bytes)
Event: 22.845 Thread 0x000002232a8a1b20 nmethod 17776 0x00000222cc002d10 code [0x00000222cc002f60, 0x00000222cc0038f8]
Event: 22.845 Thread 0x000002232b00c3a0 nmethod 17775 0x00000222cbaa5890 code [0x00000222cbaa5ae0, 0x00000222cbaa6130]
Event: 22.845 Thread 0x000002232bf81e60 17779 %     4       sun.security.provider.SHA5::implCompress0 @ 27 (346 bytes)
Event: 22.845 Thread 0x00000222e1ed3ba0 nmethod 17778 0x00000222cc002090 code [0x00000222cc0022a0, 0x00000222cc002ab0]
Event: 22.846 Thread 0x00000222e1ec3100 nmethod 17773 0x00000222d2b8d010 code [0x00000222d2b8d1a0, 0x00000222d2b8d280]
Event: 22.846 Thread 0x00000222e1f84cd0 17780       3       java.util.Arrays::fill (23 bytes)
Event: 22.846 Thread 0x00000222e1f84cd0 nmethod 17780 0x00000222cc001c10 code [0x00000222cc001dc0, 0x00000222cc001f58]
Event: 22.846 Thread 0x00000223330627c0 17781       4       java.util.Collections$UnmodifiableCollection::size (10 bytes)
Event: 22.847 Thread 0x00000223330627c0 nmethod 17781 0x00000222d2b8cc90 code [0x00000222d2b8ce20, 0x00000222d2b8cef8]
Event: 22.849 Thread 0x000002232e16e770 nmethod 17777 0x00000222d2b8bd90 code [0x00000222d2b8bf80, 0x00000222d2b8c778]

GC Heap History (20 events):
Event: 15.679 GC heap before
{Heap before GC invocations=51 (full 0):
 garbage-first heap   total 517120K, used 443331K [0x0000000080000000, 0x0000000100000000)
  region size 1024K, 303 young (310272K), 17 survivors (17408K)
 Metaspace       used 61353K, committed 63232K, reserved 1114112K
  class space    used 8502K, committed 9408K, reserved 1048576K
}
Event: 15.684 GC heap after
{Heap after GC invocations=52 (full 0):
 garbage-first heap   total 517120K, used 154961K [0x0000000080000000, 0x0000000100000000)
  region size 1024K, 21 young (21504K), 21 survivors (21504K)
 Metaspace       used 61353K, committed 63232K, reserved 1114112K
  class space    used 8502K, committed 9408K, reserved 1048576K
}
Event: 15.849 GC heap before
{Heap before GC invocations=52 (full 0):
 garbage-first heap   total 517120K, used 443729K [0x0000000080000000, 0x0000000100000000)
  region size 1024K, 303 young (310272K), 21 survivors (21504K)
 Metaspace       used 61362K, committed 63232K, reserved 1114112K
  class space    used 8503K, committed 9408K, reserved 1048576K
}
Event: 15.853 GC heap after
{Heap after GC invocations=53 (full 0):
 garbage-first heap   total 517120K, used 158663K [0x0000000080000000, 0x0000000100000000)
  region size 1024K, 22 young (22528K), 22 survivors (22528K)
 Metaspace       used 61362K, committed 63232K, reserved 1114112K
  class space    used 8503K, committed 9408K, reserved 1048576K
}
Event: 16.097 GC heap before
{Heap before GC invocations=53 (full 0):
 garbage-first heap   total 517120K, used 457671K [0x0000000080000000, 0x0000000100000000)
  region size 1024K, 303 young (310272K), 22 survivors (22528K)
 Metaspace       used 61397K, committed 63296K, reserved 1114112K
  class space    used 8509K, committed 9408K, reserved 1048576K
}
Event: 16.102 GC heap after
{Heap after GC invocations=54 (full 0):
 garbage-first heap   total 517120K, used 158145K [0x0000000080000000, 0x0000000100000000)
  region size 1024K, 29 young (29696K), 29 survivors (29696K)
 Metaspace       used 61397K, committed 63296K, reserved 1114112K
  class space    used 8509K, committed 9408K, reserved 1048576K
}
Event: 16.333 GC heap before
{Heap before GC invocations=54 (full 0):
 garbage-first heap   total 517120K, used 439745K [0x0000000080000000, 0x0000000100000000)
  region size 1024K, 303 young (310272K), 29 survivors (29696K)
 Metaspace       used 61481K, committed 63360K, reserved 1114112K
  class space    used 8509K, committed 9408K, reserved 1048576K
}
Event: 16.337 GC heap after
{Heap after GC invocations=55 (full 0):
 garbage-first heap   total 517120K, used 156489K [0x0000000080000000, 0x0000000100000000)
  region size 1024K, 18 young (18432K), 18 survivors (18432K)
 Metaspace       used 61481K, committed 63360K, reserved 1114112K
  class space    used 8509K, committed 9408K, reserved 1048576K
}
Event: 16.703 GC heap before
{Heap before GC invocations=55 (full 0):
 garbage-first heap   total 517120K, used 448329K [0x0000000080000000, 0x0000000100000000)
  region size 1024K, 303 young (310272K), 18 survivors (18432K)
 Metaspace       used 62066K, committed 63936K, reserved 1114112K
  class space    used 8575K, committed 9472K, reserved 1048576K
}
Event: 16.706 GC heap after
{Heap after GC invocations=56 (full 0):
 garbage-first heap   total 517120K, used 154825K [0x0000000080000000, 0x0000000100000000)
  region size 1024K, 16 young (16384K), 16 survivors (16384K)
 Metaspace       used 62066K, committed 63936K, reserved 1114112K
  class space    used 8575K, committed 9472K, reserved 1048576K
}
Event: 17.517 GC heap before
{Heap before GC invocations=56 (full 0):
 garbage-first heap   total 517120K, used 324809K [0x0000000080000000, 0x0000000100000000)
  region size 1024K, 183 young (187392K), 16 survivors (16384K)
 Metaspace       used 80407K, committed 82368K, reserved 1179648K
  class space    used 11224K, committed 12160K, reserved 1048576K
}
Event: 17.523 GC heap after
{Heap after GC invocations=57 (full 0):
 garbage-first heap   total 517120K, used 175983K [0x0000000080000000, 0x0000000100000000)
  region size 1024K, 37 young (37888K), 37 survivors (37888K)
 Metaspace       used 80407K, committed 82368K, reserved 1179648K
  class space    used 11224K, committed 12160K, reserved 1048576K
}
Event: 19.015 GC heap before
{Heap before GC invocations=58 (full 0):
 garbage-first heap   total 517120K, used 442223K [0x0000000080000000, 0x0000000100000000)
  region size 1024K, 303 young (310272K), 37 survivors (37888K)
 Metaspace       used 107470K, committed 109440K, reserved 1179648K
  class space    used 14097K, committed 15040K, reserved 1048576K
}
Event: 19.024 GC heap after
{Heap after GC invocations=59 (full 0):
 garbage-first heap   total 517120K, used 186212K [0x0000000080000000, 0x0000000100000000)
  region size 1024K, 31 young (31744K), 31 survivors (31744K)
 Metaspace       used 107470K, committed 109440K, reserved 1179648K
  class space    used 14097K, committed 15040K, reserved 1048576K
}
Event: 20.026 GC heap before
{Heap before GC invocations=59 (full 0):
 garbage-first heap   total 517120K, used 470884K [0x0000000080000000, 0x0000000100000000)
  region size 1024K, 301 young (308224K), 31 survivors (31744K)
 Metaspace       used 123579K, committed 125632K, reserved 1179648K
  class space    used 15987K, committed 16960K, reserved 1048576K
}
Event: 20.032 GC heap after
{Heap after GC invocations=60 (full 0):
 garbage-first heap   total 517120K, used 192462K [0x0000000080000000, 0x0000000100000000)
  region size 1024K, 11 young (11264K), 11 survivors (11264K)
 Metaspace       used 123579K, committed 125632K, reserved 1179648K
  class space    used 15987K, committed 16960K, reserved 1048576K
}
Event: 20.264 GC heap before
{Heap before GC invocations=60 (full 0):
 garbage-first heap   total 517120K, used 467918K [0x0000000080000000, 0x0000000100000000)
  region size 1024K, 280 young (286720K), 11 survivors (11264K)
 Metaspace       used 123579K, committed 125632K, reserved 1179648K
  class space    used 15987K, committed 16960K, reserved 1048576K
}
Event: 20.268 GC heap after
{Heap after GC invocations=61 (full 0):
 garbage-first heap   total 517120K, used 195624K [0x0000000080000000, 0x0000000100000000)
  region size 1024K, 14 young (14336K), 14 survivors (14336K)
 Metaspace       used 123579K, committed 125632K, reserved 1179648K
  class space    used 15987K, committed 16960K, reserved 1048576K
}
Event: 20.672 GC heap before
{Heap before GC invocations=62 (full 0):
 garbage-first heap   total 517120K, used 448552K [0x0000000080000000, 0x0000000100000000)
  region size 1024K, 288 young (294912K), 14 survivors (14336K)
 Metaspace       used 123604K, committed 125632K, reserved 1179648K
  class space    used 15991K, committed 16960K, reserved 1048576K
}
Event: 20.674 GC heap after
{Heap after GC invocations=63 (full 0):
 garbage-first heap   total 517120K, used 153599K [0x0000000080000000, 0x0000000100000000)
  region size 1024K, 8 young (8192K), 8 survivors (8192K)
 Metaspace       used 123604K, committed 125632K, reserved 1179648K
  class space    used 15991K, committed 16960K, reserved 1048576K
}

Dll operation events (15 events):
Event: 0.083 Loaded shared library D:\Program Files\Eclipse Adoptium\jdk-21.0.9.10-hotspot\bin\java.dll
Event: 0.100 Loaded shared library D:\Program Files\Eclipse Adoptium\jdk-21.0.9.10-hotspot\bin\jsvml.dll
Event: 0.177 Loaded shared library D:\Program Files\Eclipse Adoptium\jdk-21.0.9.10-hotspot\bin\zip.dll
Event: 0.180 Loaded shared library D:\Program Files\Eclipse Adoptium\jdk-21.0.9.10-hotspot\bin\instrument.dll
Event: 0.224 Loaded shared library D:\Program Files\Eclipse Adoptium\jdk-21.0.9.10-hotspot\bin\net.dll
Event: 0.288 Loaded shared library D:\Program Files\Eclipse Adoptium\jdk-21.0.9.10-hotspot\bin\nio.dll
Event: 0.290 Loaded shared library D:\Program Files\Eclipse Adoptium\jdk-21.0.9.10-hotspot\bin\zip.dll
Event: 0.406 Loaded shared library D:\Program Files\Eclipse Adoptium\jdk-21.0.9.10-hotspot\bin\jimage.dll
Event: 0.523 Loaded shared library D:\Program Files\Eclipse Adoptium\jdk-21.0.9.10-hotspot\bin\verify.dll
Event: 0.538 Loaded shared library C:\Users\jacob\.gradle\native\660c5614fbf4a5f2a75b1949f50a0caf5cd603558e7d8a26e50b933a0cfb79d1\windows-amd64\native-platform.dll
Event: 0.553 Loaded shared library C:\Users\jacob\.gradle\native\0.2.8\x86_64-windows-gnu\gradle-fileevents.dll
Event: 1.114 Loaded shared library D:\Program Files\Eclipse Adoptium\jdk-21.0.9.10-hotspot\bin\management.dll
Event: 1.133 Loaded shared library D:\Program Files\Eclipse Adoptium\jdk-21.0.9.10-hotspot\bin\management_ext.dll
Event: 1.248 Loaded shared library D:\Program Files\Eclipse Adoptium\jdk-21.0.9.10-hotspot\bin\extnet.dll
Event: 1.435 Loaded shared library D:\Program Files\Eclipse Adoptium\jdk-21.0.9.10-hotspot\bin\sunmscapi.dll

Deoptimization events (20 events):
Event: 22.723 Thread 0x000002232932ce50 Uncommon trap: trap_request=0xffffff66 fr.pc=0x00000222d3676198 relative=0x0000000000003178
Event: 22.723 Thread 0x000002232932ce50 Uncommon trap: reason=speculate_class_check action=maybe_recompile pc=0x00000222d3676198 method=sun.security.util.math.intpoly.IntegerPolynomial.multByInt([JJ)V @ 26 c2
Event: 22.723 Thread 0x000002232932ce50 DEOPT PACKING pc=0x00000222d3676198 sp=0x00000023d49f2530
Event: 22.723 Thread 0x000002232932ce50 DEOPT UNPACKING pc=0x00000222d22c4422 sp=0x00000023d49f23b8 mode 2
Event: 22.734 Thread 0x000002232932ce50 Uncommon trap: trap_request=0xffffffc6 fr.pc=0x00000222d3071780 relative=0x00000000000005c0
Event: 22.734 Thread 0x000002232932ce50 Uncommon trap: reason=bimorphic_or_optimized_type_check action=maybe_recompile pc=0x00000222d3071780 method=java.io.OutputStream.write([B)V @ 5 c2
Event: 22.734 Thread 0x000002232932ce50 DEOPT PACKING pc=0x00000222d3071780 sp=0x00000023d49f2f60
Event: 22.734 Thread 0x000002232932ce50 DEOPT UNPACKING pc=0x00000222d22c4422 sp=0x00000023d49f2f38 mode 2
Event: 22.780 Thread 0x000002232932ce50 Uncommon trap: trap_request=0xffffffde fr.pc=0x00000222d2a82b60 relative=0x0000000000001960
Event: 22.780 Thread 0x000002232932ce50 Uncommon trap: reason=class_check action=maybe_recompile pc=0x00000222d2a82b60 method=java.io.BufferedReader.readLine(Z[Z)Ljava/lang/String; @ 6 c2
Event: 22.780 Thread 0x000002232932ce50 DEOPT PACKING pc=0x00000222d2a82b60 sp=0x00000023d49f4530
Event: 22.780 Thread 0x000002232932ce50 DEOPT UNPACKING pc=0x00000222d22c4422 sp=0x00000023d49f4528 mode 2
Event: 22.817 Thread 0x000002232932ce50 Uncommon trap: trap_request=0xffffffc6 fr.pc=0x00000222d2e31a20 relative=0x00000000000003c0
Event: 22.817 Thread 0x000002232932ce50 Uncommon trap: reason=bimorphic_or_optimized_type_check action=maybe_recompile pc=0x00000222d2e31a20 method=java.util.HashMap$KeySpliterator.forEachRemaining(Ljava/util/function/Consumer;)V @ 145 c2
Event: 22.817 Thread 0x000002232932ce50 DEOPT PACKING pc=0x00000222d2e31a20 sp=0x00000023d49f4630
Event: 22.817 Thread 0x000002232932ce50 DEOPT UNPACKING pc=0x00000222d22c4422 sp=0x00000023d49f45e8 mode 2
Event: 22.846 Thread 0x000002232932ce50 Uncommon trap: trap_request=0xffffffc6 fr.pc=0x00000222d3071780 relative=0x00000000000005c0
Event: 22.846 Thread 0x000002232932ce50 Uncommon trap: reason=bimorphic_or_optimized_type_check action=maybe_recompile pc=0x00000222d3071780 method=java.io.OutputStream.write([B)V @ 5 c2
Event: 22.846 Thread 0x000002232932ce50 DEOPT PACKING pc=0x00000222d3071780 sp=0x00000023d49f2f60
Event: 22.846 Thread 0x000002232932ce50 DEOPT UNPACKING pc=0x00000222d22c4422 sp=0x00000023d49f2f38 mode 2

Classes loaded (20 events):
Event: 22.464 Loading class org/w3c/dom/Comment
Event: 22.464 Loading class org/w3c/dom/Comment done
Event: 22.570 Loading class sun/security/ssl/PreSharedKeyExtension$PskIdentity
Event: 22.570 Loading class sun/security/ssl/PreSharedKeyExtension$PskIdentity done
Event: 22.570 Loading class sun/security/ssl/PreSharedKeyExtension$CHPreSharedKeySpec
Event: 22.570 Loading class sun/security/ssl/PreSharedKeyExtension$CHPreSharedKeySpec done
Event: 22.570 Loading class sun/security/ssl/PreSharedKeyExtension$PartialClientHelloMessage
Event: 22.570 Loading class sun/security/ssl/PreSharedKeyExtension$PartialClientHelloMessage done
Event: 22.570 Loading class sun/security/ssl/SSLEngineOutputRecord
Event: 22.570 Loading class sun/security/ssl/SSLEngineOutputRecord done
Event: 22.570 Loading class sun/security/ssl/SSLEngineOutputRecord$HandshakeFragment
Event: 22.570 Loading class sun/security/ssl/SSLEngineOutputRecord$HandshakeFragment done
Event: 22.570 Loading class sun/security/ssl/SSLEngineOutputRecord$HandshakeMemo
Event: 22.570 Loading class sun/security/ssl/SSLEngineOutputRecord$RecordMemo
Event: 22.570 Loading class sun/security/ssl/SSLEngineOutputRecord$RecordMemo done
Event: 22.570 Loading class sun/security/ssl/SSLEngineOutputRecord$HandshakeMemo done
Event: 22.585 Loading class sun/security/ssl/PreSharedKeyExtension$SHPreSharedKeySpec
Event: 22.585 Loading class sun/security/ssl/PreSharedKeyExtension$SHPreSharedKeySpec done
Event: 22.719 Loading class sun/security/ssl/ServerNameExtension$SHServerNamesSpec
Event: 22.719 Loading class sun/security/ssl/ServerNameExtension$SHServerNamesSpec done

Classes unloaded (20 events):
Event: 17.536 Thread 0x00000222e1e9dd40 Unloading class 0x00000222e488d8a8 '_BuildScript_$_run_closure1$_closure3'
Event: 17.536 Thread 0x00000222e1e9dd40 Unloading class 0x00000222e488d4b8 '_BuildScript_$_run_closure1$_closure2'
Event: 17.536 Thread 0x00000222e1e9dd40 Unloading class 0x00000222e488d0c8 '_BuildScript_$_run_closure1'
Event: 17.536 Thread 0x00000222e1e9dd40 Unloading class 0x00000222e488cbd0 '_BuildScript_'
Event: 17.536 Thread 0x00000222e1e9dd40 Unloading class 0x00000222e488c7e0 'JetGradlePlugin$_apply_closure1$_closure2$_closure3'
Event: 17.536 Thread 0x00000222e1e9dd40 Unloading class 0x00000222e488c3f0 'JetGradlePlugin$_apply_closure1$_closure2'
Event: 17.536 Thread 0x00000222e1e9dd40 Unloading class 0x00000222e488c000 'JetGradlePlugin$_apply_closure1'
Event: 17.536 Thread 0x00000222e1e9dd40 Unloading class 0x00000222e4886ad0 'JetGradlePlugin'
Event: 17.536 Thread 0x00000222e1e9dd40 Unloading class 0x00000222e4886800 'RegistryProcessor'
Event: 17.536 Thread 0x00000222e1e9dd40 Unloading class 0x00000222e48848e8 '_BuildScript_$_run_closure1$_closure2'
Event: 17.536 Thread 0x00000222e1e9dd40 Unloading class 0x00000222e48844f8 '_BuildScript_$_run_closure1'
Event: 17.536 Thread 0x00000222e1e9dd40 Unloading class 0x00000222e4884000 '_BuildScript_'
Event: 17.536 Thread 0x00000222e1e9dd40 Unloading class 0x00000222e487c8e8 '_BuildScript_$_run_closure2'
Event: 17.536 Thread 0x00000222e1e9dd40 Unloading class 0x00000222e487c4f8 '_BuildScript_$_run_closure1'
Event: 17.536 Thread 0x00000222e1e9dd40 Unloading class 0x00000222e487c000 '_BuildScript_'
Event: 17.536 Thread 0x00000222e1e9dd40 Unloading class 0x00000222e4778000 '_BuildScript_$_run_closure1$_closure2'
Event: 17.536 Thread 0x00000222e1e9dd40 Unloading class 0x00000222e4774c00 '_BuildScript_$_run_closure1'
Event: 17.536 Thread 0x00000222e1e9dd40 Unloading class 0x00000222e4775000 '_BuildScript_'
Event: 17.536 Thread 0x00000222e1e9dd40 Unloading class 0x00000222e47084f8 '_BuildScript_$_run_closure1'
Event: 17.536 Thread 0x00000222e1e9dd40 Unloading class 0x00000222e4708000 '_BuildScript_'

Classes redefined (0 events):
No events

Internal exceptions (20 events):
Event: 21.664 Thread 0x000002232932ce50 Exception <a 'java/lang/ClassNotFoundException'{0x00000000916ecaa8}: org/gradle/api/internal/project/DefaultProject_DecoratedCustomizer> (0x00000000916ecaa8) 
thrown [s\src\hotspot\share\classfile\systemDictionary.cpp, line 312]
Event: 21.688 Thread 0x000002232932ce50 Exception <a 'java/lang/NoSuchMethodError'{0x0000000091110598}: 'long java.lang.invoke.DirectMethodHandle$Holder.invokeStatic(java.lang.Object, long)'> (0x0000000091110598) 
thrown [s\src\hotspot\share\interpreter\linkResolver.cpp, line 773]
Event: 21.770 Thread 0x000002232932ce50 Exception <a 'sun/nio/fs/WindowsException'{0x0000000090adf128}> (0x0000000090adf128) 
thrown [s\src\hotspot\share\prims\jni.cpp, line 520]
Event: 21.771 Thread 0x000002232932ce50 Exception <a 'sun/nio/fs/WindowsException'{0x0000000090ae1018}> (0x0000000090ae1018) 
thrown [s\src\hotspot\share\prims\jni.cpp, line 520]
Event: 21.772 Thread 0x000002232932ce50 Exception <a 'sun/nio/fs/WindowsException'{0x0000000090ae9290}> (0x0000000090ae9290) 
thrown [s\src\hotspot\share\prims\jni.cpp, line 520]
Event: 21.849 Thread 0x000002232932ce50 Implicit null exception at 0x00000222d3566146 to 0x00000222d3566504
Event: 21.858 Thread 0x000002232932ce50 Exception <a 'sun/nio/fs/WindowsException'{0x000000008ffb65a0}> (0x000000008ffb65a0) 
thrown [s\src\hotspot\share\prims\jni.cpp, line 520]
Event: 21.906 Thread 0x000002232932ce50 Implicit null exception at 0x00000222d3570e5e to 0x00000222d3570e9c
Event: 22.328 Thread 0x000002232932db70 Exception <a 'java/lang/NoSuchMethodError'{0x000000008e508b38}: static Lorg/gradle/internal/build/event/types/DefaultFileDownloadDescriptor;.<clinit>()V> (0x000000008e508b38) 
thrown [s\src\hotspot\share\prims\jni.cpp, line 1111]
Event: 22.401 Thread 0x000002232932ce50 Exception <a 'java/lang/NoSuchMethodError'{0x000000008e6da618}: 'void java.lang.invoke.DirectMethodHandle$Holder.invokeVirtual(java.lang.Object, java.lang.Object, long)'> (0x000000008e6da618) 
thrown [s\src\hotspot\share\interpreter\linkResolver.cpp, line 773]
Event: 22.401 Thread 0x000002232932ce50 Implicit null exception at 0x00000222d3874a67 to 0x00000222d3874c08
Event: 22.404 Thread 0x000002232932db70 Exception <a 'java/lang/NoSuchMethodError'{0x000000008e550930}: static Lorg/gradle/internal/build/event/types/DefaultOperationFinishedProgressEvent;.<clinit>()V> (0x000000008e550930) 
thrown [s\src\hotspot\share\prims\jni.cpp, line 1111]
Event: 22.405 Thread 0x000002232932db70 Exception <a 'java/lang/NoSuchMethodError'{0x000000008e57bc88}: static Lorg/gradle/internal/build/event/types/DefaultFileDownloadSuccessResult;.<clinit>()V> (0x000000008e57bc88) 
thrown [s\src\hotspot\share\prims\jni.cpp, line 1111]
Event: 22.405 Thread 0x000002232932db70 Exception <a 'java/lang/NoSuchMethodError'{0x000000008e57cce0}: static Lorg/gradle/internal/build/event/types/DefaultSuccessResult;.<clinit>()V> (0x000000008e57cce0) 
thrown [s\src\hotspot\share\prims\jni.cpp, line 1111]
Event: 22.405 Thread 0x000002232932db70 Exception <a 'java/lang/NoSuchMethodError'{0x000000008e57dba8}: static Lorg/gradle/internal/build/event/types/AbstractOperationResult;.<clinit>()V> (0x000000008e57dba8) 
thrown [s\src\hotspot\share\prims\jni.cpp, line 1111]
Event: 22.405 Thread 0x000002232932db70 Exception <a 'java/lang/NoSuchMethodError'{0x000000008e57efd0}: static Lorg/gradle/internal/build/event/types/AbstractResult;.<clinit>()V> (0x000000008e57efd0) 
thrown [s\src\hotspot\share\prims\jni.cpp, line 1111]
Event: 22.418 Thread 0x000002232932ce50 Exception <a 'java/lang/NoSuchMethodError'{0x000000008e4a8af0}: 'int java.lang.invoke.DirectMethodHandle$Holder.invokeSpecial(java.lang.Object, java.lang.Object, int)'> (0x000000008e4a8af0) 
thrown [s\src\hotspot\share\interpreter\linkResolver.cpp, line 773]
Event: 22.472 Thread 0x000002232932ce50 Implicit null exception at 0x00000222d2e32c9e to 0x00000222d2e32f28
Event: 22.477 Thread 0x000002232932ce50 Implicit null exception at 0x00000222d313e9d8 to 0x00000222d313ee68
Event: 22.485 Thread 0x000002232932ce50 Exception <a 'java/lang/NoSuchMethodError'{0x000000008de17bf8}: 'void java.lang.invoke.DirectMethodHandle$Holder.invokeStatic(java.lang.Object, java.lang.Object, java.lang.Object, int, java.lang.Object)'> (0x000000008de17bf8) 
thrown [s\src\hotspot\share\interpreter\linkResolver.cpp, line 773]

ZGC Phase Switch (0 events):
No events

VM Operations (20 events):
Event: 21.905 Executing VM operation: HandshakeAllThreads (Deoptimize)
Event: 21.905 Executing VM operation: HandshakeAllThreads (Deoptimize) done
Event: 21.953 Executing VM operation: HandshakeAllThreads (Deoptimize)
Event: 21.953 Executing VM operation: HandshakeAllThreads (Deoptimize) done
Event: 21.966 Executing VM operation: HandshakeAllThreads (Deoptimize)
Event: 21.966 Executing VM operation: HandshakeAllThreads (Deoptimize) done
Event: 22.022 Executing VM operation: HandshakeAllThreads (Deoptimize)
Event: 22.022 Executing VM operation: HandshakeAllThreads (Deoptimize) done
Event: 22.097 Executing VM operation: HandshakeAllThreads (Deoptimize)
Event: 22.097 Executing VM operation: HandshakeAllThreads (Deoptimize) done
Event: 22.134 Executing VM operation: HandshakeAllThreads (Deoptimize)
Event: 22.134 Executing VM operation: HandshakeAllThreads (Deoptimize) done
Event: 22.328 Executing VM operation: HandshakeAllThreads (Deoptimize)
Event: 22.328 Executing VM operation: HandshakeAllThreads (Deoptimize) done
Event: 22.328 Executing VM operation: ICBufferFull
Event: 22.328 Executing VM operation: ICBufferFull done
Event: 22.402 Executing VM operation: HandshakeAllThreads (Deoptimize)
Event: 22.403 Executing VM operation: HandshakeAllThreads (Deoptimize) done
Event: 22.433 Executing VM operation: HandshakeAllThreads (Deoptimize)
Event: 22.433 Executing VM operation: HandshakeAllThreads (Deoptimize) done

Memory protections (0 events):
No events

Nmethod flushes (20 events):
Event: 20.291 Thread 0x00000222e1e9dd40 flushing  nmethod 0x00000222cc267310
Event: 20.291 Thread 0x00000222e1e9dd40 flushing  nmethod 0x00000222cc267710
Event: 20.291 Thread 0x00000222e1e9dd40 flushing  nmethod 0x00000222cc26fd10
Event: 20.291 Thread 0x00000222e1e9dd40 flushing  nmethod 0x00000222cc270090
Event: 20.291 Thread 0x00000222e1e9dd40 flushing  nmethod 0x00000222cc270390
Event: 20.291 Thread 0x00000222e1e9dd40 flushing  nmethod 0x00000222cc270b10
Event: 20.291 Thread 0x00000222e1e9dd40 flushing  nmethod 0x00000222cc270f90
Event: 20.291 Thread 0x00000222e1e9dd40 flushing  nmethod 0x00000222cc271610
Event: 20.291 Thread 0x00000222e1e9dd40 flushing  nmethod 0x00000222cc272110
Event: 20.291 Thread 0x00000222e1e9dd40 flushing  nmethod 0x00000222cc273810
Event: 20.291 Thread 0x00000222e1e9dd40 flushing  nmethod 0x00000222cc275190
Event: 20.291 Thread 0x00000222e1e9dd40 flushing  nmethod 0x00000222cc279390
Event: 20.291 Thread 0x00000222e1e9dd40 flushing  nmethod 0x00000222cc279c10
Event: 20.291 Thread 0x00000222e1e9dd40 flushing  nmethod 0x00000222cc295610
Event: 20.291 Thread 0x00000222e1e9dd40 flushing  nmethod 0x00000222cc295f10
Event: 20.291 Thread 0x00000222e1e9dd40 flushing  nmethod 0x00000222cc299010
Event: 20.291 Thread 0x00000222e1e9dd40 flushing  nmethod 0x00000222cc299390
Event: 20.291 Thread 0x00000222e1e9dd40 flushing  nmethod 0x00000222cc29a810
Event: 20.291 Thread 0x00000222e1e9dd40 flushing  nmethod 0x00000222cc29f790
Event: 20.291 Thread 0x00000222e1e9dd40 flushing  nmethod 0x00000222cc2b6190

Events (20 events):
Event: 20.737 Thread 0x0000022330ccaa00 Thread exited: 0x0000022330ccaa00
Event: 20.739 Thread 0x0000022330cc9590 Thread exited: 0x0000022330cc9590
Event: 20.740 Thread 0x0000022330cc8ec0 Thread exited: 0x0000022330cc8ec0
Event: 20.740 Thread 0x00000223339f9f20 Thread exited: 0x00000223339f9f20
Event: 20.758 Thread 0x000002232932ce50 Thread added: 0x0000022330832290
Event: 20.860 Thread 0x000002232b00c3a0 Thread added: 0x000002232bf81e60
Event: 20.870 Thread 0x000002232bf81e60 Thread added: 0x000002232e16e770
Event: 20.924 Thread 0x00000222e1ed3ba0 Thread added: 0x00000223330627c0
Event: 20.934 Thread 0x000002232a8a1b20 Thread added: 0x000002232d337f30
Event: 20.934 Thread 0x000002232a8a1b20 Thread added: 0x000002232d338600
Event: 20.938 Thread 0x00000222e1f84cd0 Thread added: 0x000002232c9b0b20
Event: 20.941 Thread 0x00000222e1ed3ba0 Thread added: 0x0000022333061350
Event: 20.943 Thread 0x0000022333061350 Thread added: 0x0000022331b54a00
Event: 20.956 Thread 0x00000222e1ed3ba0 Thread added: 0x000002233305f140
Event: 20.956 Thread 0x00000222e1ed3ba0 Thread added: 0x0000022333060c80
Event: 21.950 Thread 0x0000022333060c80 Thread exited: 0x0000022333060c80
Event: 21.954 Thread 0x000002233305f140 Thread exited: 0x000002233305f140
Event: 22.702 Thread 0x0000022331b54a00 Thread exited: 0x0000022331b54a00
Event: 22.703 Thread 0x000002232c9b0b20 Thread exited: 0x000002232c9b0b20
Event: 22.703 Thread 0x000002232d338600 Thread exited: 0x000002232d338600


Dynamic libraries:
0x00007ff7aeef0000 - 0x00007ff7aeefe000 	D:\Program Files\Eclipse Adoptium\jdk-21.0.9.10-hotspot\bin\java.exe
0x00007ffd73a80000 - 0x00007ffd73ce7000 	C:\WINDOWS\SYSTEM32\ntdll.dll
0x00007ffd735d0000 - 0x00007ffd73699000 	C:\WINDOWS\System32\KERNEL32.DLL
0x00007ffd710b0000 - 0x00007ffd714a7000 	C:\WINDOWS\System32\KERNELBASE.dll
0x00007ffd70de0000 - 0x00007ffd70f2b000 	C:\WINDOWS\System32\ucrtbase.dll
0x00007ffd597d0000 - 0x00007ffd597e8000 	D:\Program Files\Eclipse Adoptium\jdk-21.0.9.10-hotspot\bin\jli.dll
0x00007ffd564c0000 - 0x00007ffd564de000 	D:\Program Files\Eclipse Adoptium\jdk-21.0.9.10-hotspot\bin\VCRUNTIME140.dll
0x00007ffd72730000 - 0x00007ffd728f6000 	C:\WINDOWS\System32\USER32.dll
0x00007ffd53820000 - 0x00007ffd53ab2000 	C:\WINDOWS\WinSxS\amd64_microsoft.windows.common-controls_6595b64144ccf1df_6.0.26100.8457_none_3e0b2faee331e92d\COMCTL32.dll
0x00007ffd70540000 - 0x00007ffd70567000 	C:\WINDOWS\System32\win32u.dll
0x00007ffd726f0000 - 0x00007ffd7271b000 	C:\WINDOWS\System32\GDI32.dll
0x00007ffd72900000 - 0x00007ffd729a9000 	C:\WINDOWS\System32\msvcrt.dll
0x00007ffd714b0000 - 0x00007ffd715dc000 	C:\WINDOWS\System32\gdi32full.dll
0x00007ffd716a0000 - 0x00007ffd71743000 	C:\WINDOWS\System32\msvcp_win.dll
0x00007ffd71ce0000 - 0x00007ffd71d12000 	C:\WINDOWS\System32\IMM32.DLL
0x00007ffd4ee40000 - 0x00007ffd4ef32000 	C:\Program Files\Windhawk\Engine\1.7.3\64\windhawk.dll
0x00007ffd72440000 - 0x00007ffd724f6000 	C:\WINDOWS\System32\ADVAPI32.dll
0x00007ffd72150000 - 0x00007ffd721f7000 	C:\WINDOWS\System32\sechost.dll
0x00007ffd71fa0000 - 0x00007ffd720b8000 	C:\WINDOWS\System32\RPCRT4.dll
0x00007ffd4d9d0000 - 0x00007ffd4d9fa000 	C:\ProgramData\Windhawk\Engine\Mods\64\explorer-details-better-file-sizes_1.5_823583.dll
0x00007ffd71a90000 - 0x00007ffd71c27000 	C:\WINDOWS\System32\ole32.dll
0x00007ffd736a0000 - 0x00007ffd73a23000 	C:\WINDOWS\System32\combase.dll
0x00007ffd72600000 - 0x00007ffd726d9000 	C:\WINDOWS\System32\OLEAUT32.dll
0x00007ffd72e40000 - 0x00007ffd735ae000 	C:\WINDOWS\System32\SHELL32.dll
0x00007ffd4d990000 - 0x00007ffd4d9ca000 	C:\ProgramData\Windhawk\Engine\Mods\64\libunwind.whl
0x00007ffd4d7e0000 - 0x00007ffd4d989000 	C:\ProgramData\Windhawk\Engine\Mods\64\libc++.whl
0x00007ffd6ad90000 - 0x00007ffd6ae96000 	C:\WINDOWS\SYSTEM32\PROPSYS.dll
0x00007ffd70570000 - 0x00007ffd70ddc000 	C:\WINDOWS\System32\windows.storage.dll
0x00007ffd4d330000 - 0x00007ffd4d359000 	C:\ProgramData\Windhawk\Engine\Mods\64\slick-window-arrangement_1.0.2_441435.dll
0x00007ffd4d180000 - 0x00007ffd4d329000 	C:\ProgramData\Windhawk\Engine\Mods\64\libc++.dll
0x00007ffd4d140000 - 0x00007ffd4d17a000 	C:\ProgramData\Windhawk\Engine\Mods\64\libunwind.dll
0x00007ffd6b340000 - 0x00007ffd6b36f000 	C:\WINDOWS\SYSTEM32\dwmapi.dll
0x00007ffd72500000 - 0x00007ffd725f6000 	C:\WINDOWS\System32\shcore.dll
0x00007ffd4ebe0000 - 0x00007ffd4ebfd000 	C:\ProgramData\Windhawk\Engine\Mods\64\modernize-folder-picker-dialog_1.0.0_185619.dll
0x00007ffd59890000 - 0x00007ffd5989c000 	D:\Program Files\Eclipse Adoptium\jdk-21.0.9.10-hotspot\bin\vcruntime140_1.dll
0x00007ffd4eb50000 - 0x00007ffd4ebdd000 	D:\Program Files\Eclipse Adoptium\jdk-21.0.9.10-hotspot\bin\msvcp140.dll
0x00007ffca18f0000 - 0x00007ffca2690000 	D:\Program Files\Eclipse Adoptium\jdk-21.0.9.10-hotspot\bin\server\jvm.dll
0x00007ffd718a0000 - 0x00007ffd71920000 	C:\WINDOWS\System32\WS2_32.dll
0x00007ffd6f0b0000 - 0x00007ffd6f10e000 	C:\WINDOWS\SYSTEM32\POWRPROF.dll
0x00007ffd60c90000 - 0x00007ffd60cc6000 	C:\WINDOWS\SYSTEM32\WINMM.dll
0x00007ffd672e0000 - 0x00007ffd672eb000 	C:\WINDOWS\SYSTEM32\VERSION.dll
0x00007ffd6f090000 - 0x00007ffd6f0a4000 	C:\WINDOWS\SYSTEM32\UMPDC.dll
0x00007ffd6f360000 - 0x00007ffd6f37b000 	C:\WINDOWS\SYSTEM32\kernel.appcore.dll
0x00007ffd564b0000 - 0x00007ffd564ba000 	D:\Program Files\Eclipse Adoptium\jdk-21.0.9.10-hotspot\bin\jimage.dll
0x00007ffd6e240000 - 0x00007ffd6e482000 	C:\WINDOWS\SYSTEM32\DBGHELP.DLL
0x00007ffd5b820000 - 0x00007ffd5b85b000 	C:\WINDOWS\SYSTEM32\dbgcore.DLL
0x00007ffd71750000 - 0x00007ffd717f8000 	C:\WINDOWS\System32\bcryptPrimitives.dll
0x00007ffd564a0000 - 0x00007ffd564af000 	D:\Program Files\Eclipse Adoptium\jdk-21.0.9.10-hotspot\bin\instrument.dll
0x00007ffd55f00000 - 0x00007ffd55f20000 	D:\Program Files\Eclipse Adoptium\jdk-21.0.9.10-hotspot\bin\java.dll
0x00007ffd71de0000 - 0x00007ffd71e46000 	C:\WINDOWS\System32\shlwapi.dll
0x00007ffd703d0000 - 0x00007ffd703f9000 	C:\WINDOWS\SYSTEM32\profapi.dll
0x00007ffd4cbe0000 - 0x00007ffd4ccb7000 	D:\Program Files\Eclipse Adoptium\jdk-21.0.9.10-hotspot\bin\jsvml.dll
0x00007ffd55360000 - 0x00007ffd55378000 	D:\Program Files\Eclipse Adoptium\jdk-21.0.9.10-hotspot\bin\zip.dll
0x00007ffd56490000 - 0x00007ffd564a0000 	D:\Program Files\Eclipse Adoptium\jdk-21.0.9.10-hotspot\bin\net.dll
0x00007ffd676e0000 - 0x00007ffd67809000 	C:\WINDOWS\SYSTEM32\WINHTTP.dll
0x00007ffd6f8d0000 - 0x00007ffd6f93c000 	C:\WINDOWS\system32\mswsock.dll
0x00007ffd51720000 - 0x00007ffd51736000 	D:\Program Files\Eclipse Adoptium\jdk-21.0.9.10-hotspot\bin\nio.dll
0x00007ffd55350000 - 0x00007ffd55360000 	D:\Program Files\Eclipse Adoptium\jdk-21.0.9.10-hotspot\bin\verify.dll
0x00007ffd564e0000 - 0x00007ffd56507000 	C:\Users\jacob\.gradle\native\660c5614fbf4a5f2a75b1949f50a0caf5cd603558e7d8a26e50b933a0cfb79d1\windows-amd64\native-platform.dll
0x00007ffd4ce70000 - 0x00007ffd4cee7000 	C:\Users\jacob\.gradle\native\0.2.8\x86_64-windows-gnu\gradle-fileevents.dll
0x00007ffd512f0000 - 0x00007ffd512fa000 	D:\Program Files\Eclipse Adoptium\jdk-21.0.9.10-hotspot\bin\management.dll
0x00007ffd512e0000 - 0x00007ffd512ec000 	D:\Program Files\Eclipse Adoptium\jdk-21.0.9.10-hotspot\bin\management_ext.dll
0x00007ffd73a30000 - 0x00007ffd73a38000 	C:\WINDOWS\System32\PSAPI.DLL
0x00007ffd6ed70000 - 0x00007ffd6eda2000 	C:\WINDOWS\SYSTEM32\IPHLPAPI.DLL
0x00007ffd726e0000 - 0x00007ffd726ea000 	C:\WINDOWS\System32\NSI.dll
0x00007ffd51710000 - 0x00007ffd51719000 	D:\Program Files\Eclipse Adoptium\jdk-21.0.9.10-hotspot\bin\extnet.dll
0x00007ffd6fbb0000 - 0x00007ffd6fbcb000 	C:\WINDOWS\SYSTEM32\CRYPTSP.dll
0x00007ffd6f2c0000 - 0x00007ffd6f2f9000 	C:\WINDOWS\system32\rsaenh.dll
0x00007ffd6f980000 - 0x00007ffd6f9b3000 	C:\WINDOWS\SYSTEM32\USERENV.dll
0x00007ffd703a0000 - 0x00007ffd703ca000 	C:\WINDOWS\SYSTEM32\bcrypt.dll
0x00007ffd6fbd0000 - 0x00007ffd6fbdc000 	C:\WINDOWS\SYSTEM32\CRYPTBASE.dll
0x00007ffd51700000 - 0x00007ffd5170e000 	D:\Program Files\Eclipse Adoptium\jdk-21.0.9.10-hotspot\bin\sunmscapi.dll
0x00007ffd70f30000 - 0x00007ffd710a8000 	C:\WINDOWS\System32\CRYPT32.dll
0x00007ffd6fdd0000 - 0x00007ffd6fe00000 	C:\WINDOWS\SYSTEM32\ncrypt.dll
0x00007ffd6fd80000 - 0x00007ffd6fdbf000 	C:\WINDOWS\SYSTEM32\NTASN1.dll
0x00007ffd5b8b0000 - 0x00007ffd5b8b8000 	C:\WINDOWS\system32\wshunix.dll
0x00007ffd6f480000 - 0x00007ffd6f4b6000 	C:\WINDOWS\SYSTEM32\ntmarta.dll
0x00007ffd6ee50000 - 0x00007ffd6ef82000 	C:\WINDOWS\SYSTEM32\DNSAPI.dll
0x00007ffd67590000 - 0x00007ffd6759b000 	C:\Windows\System32\rasadhlp.dll
0x00007ffd6a020000 - 0x00007ffd6a0a6000 	C:\WINDOWS\System32\fwpuclnt.dll

JVMTI agents:
C:\Users\jacob\.gradle\wrapper\dists\gradle-9.3.0-bin\79n14ral3mx1ozqr3csh2u872\gradle-9.3.0\lib\agents\gradle-instrumentation-agent-9.3.0.jar path:D:\Program Files\Eclipse Adoptium\jdk-21.0.9.10-hotspot\bin\instrument.dll, loaded, initialized, instrumentlib options:none

dbghelp: loaded successfully - version: 4.0.5 - missing functions: none
symbol engine: initialized successfully - sym options: 0x614 - pdb path: .;D:\Program Files\Eclipse Adoptium\jdk-21.0.9.10-hotspot\bin;C:\WINDOWS\SYSTEM32;C:\WINDOWS\WinSxS\amd64_microsoft.windows.common-controls_6595b64144ccf1df_6.0.26100.8457_none_3e0b2faee331e92d;C:\Program Files\Windhawk\Engine\1.7.3\64;C:\ProgramData\Windhawk\Engine\Mods\64;D:\Program Files\Eclipse Adoptium\jdk-21.0.9.10-hotspot\bin\server;C:\Users\jacob\.gradle\native\660c5614fbf4a5f2a75b1949f50a0caf5cd603558e7d8a26e50b933a0cfb79d1\windows-amd64;C:\Users\jacob\.gradle\native\0.2.8\x86_64-windows-gnu

VM Arguments:
jvm_args: --add-opens=java.base/java.lang=ALL-UNNAMED --add-opens=java.base/java.lang.invoke=ALL-UNNAMED --add-opens=java.base/java.util=ALL-UNNAMED --add-opens=java.prefs/java.util.prefs=ALL-UNNAMED --add-exports=jdk.compiler/com.sun.tools.javac.api=ALL-UNNAMED --add-exports=jdk.compiler/com.sun.tools.javac.util=ALL-UNNAMED --add-opens=java.base/java.util=ALL-UNNAMED --add-opens=java.prefs/java.util.prefs=ALL-UNNAMED --add-opens=java.base/java.nio.charset=ALL-UNNAMED --add-opens=java.base/java.net=ALL-UNNAMED --add-opens=java.base/java.util.concurrent=ALL-UNNAMED --add-opens=java.base/java.util.concurrent.atomic=ALL-UNNAMED --add-opens=java.xml/javax.xml.namespace=ALL-UNNAMED --add-opens=java.base/java.time=ALL-UNNAMED -Xmx2048m -Dfile.encoding=UTF-8 -Duser.country=GB -Duser.language=en -Duser.variant -javaagent:C:\Users\jacob\.gradle\wrapper\dists\gradle-9.3.0-bin\79n14ral3mx1ozqr3csh2u872\gradle-9.3.0\lib\agents\gradle-instrumentation-agent-9.3.0.jar 
java_command: org.gradle.launcher.daemon.bootstrap.GradleDaemon 9.3.0
java_class_path (initial): C:\Users\jacob\.gradle\wrapper\dists\gradle-9.3.0-bin\79n14ral3mx1ozqr3csh2u872\gradle-9.3.0\lib\gradle-daemon-main-9.3.0.jar
Launcher Type: SUN_STANDARD

[Global flags]
     intx CICompilerCount                          = 15                                        {product} {ergonomic}
     uint ConcGCThreads                            = 6                                         {product} {ergonomic}
     uint G1ConcRefinementThreads                  = 23                                        {product} {ergonomic}
   size_t G1HeapRegionSize                         = 1048576                                   {product} {ergonomic}
    uintx GCDrainStackTargetSize                   = 64                                        {product} {ergonomic}
   size_t InitialHeapSize                          = 532676608                                 {product} {ergonomic}
   size_t MarkStackSize                            = 4194304                                   {product} {ergonomic}
   size_t MaxHeapSize                              = 2147483648                                {product} {command line}
   size_t MaxNewSize                               = 1287651328                                {product} {ergonomic}
   size_t MinHeapDeltaBytes                        = 1048576                                   {product} {ergonomic}
   size_t MinHeapSize                              = 8388608                                   {product} {ergonomic}
    uintx NonNMethodCodeHeapSize                   = 8192380                                {pd product} {ergonomic}
    uintx NonProfiledCodeHeapSize                  = 121732930                              {pd product} {ergonomic}
    uintx ProfiledCodeHeapSize                     = 121732930                              {pd product} {ergonomic}
    uintx ReservedCodeCacheSize                    = 251658240                              {pd product} {ergonomic}
     bool SegmentedCodeCache                       = true                                      {product} {ergonomic}
   size_t SoftMaxHeapSize                          = 2147483648                             {manageable} {ergonomic}
     bool UseCompressedOops                        = true                           {product lp64_product} {ergonomic}
     bool UseG1GC                                  = true                                      {product} {ergonomic}
     bool UseLargePagesIndividualAllocation        = false                                  {pd product} {ergonomic}

Logging:
Log output configuration:
 #0: stdout all=warning uptime,level,tags foldmultilines=false
 #1: stderr all=off uptime,level,tags foldmultilines=false

Release file:
IMPLEMENTOR="Eclipse Adoptium" 
IMPLEMENTOR_VERSION="Temurin-21.0.9+10" 
JAVA_RUNTIME_VERSION="21.0.9+10-LTS" 
JAVA_VERSION="21.0.9" 
JAVA_VERSION_DATE="2025-10-21" 
LIBC="default" 
MODULES="java.base java.compiler java.datatransfer java.xml java.prefs java.desktop java.instrument java.logging java.management java.security.sasl java.naming java.rmi java.management.rmi java.net.http java.scripting java.security.jgss java.transaction.xa java.sql java.sql.rowset java.xml.crypto java.se java.smartcardio jdk.accessibility jdk.internal.jvmstat jdk.attach jdk.charsets jdk.internal.opt jdk.zipfs jdk.compiler jdk.crypto.ec jdk.crypto.cryptoki jdk.crypto.mscapi jdk.dynalink jdk.internal.ed jdk.editpad jdk.hotspot.agent jdk.httpserver jdk.incubator.vector jdk.internal.le jdk.internal.vm.ci jdk.internal.vm.compiler jdk.internal.vm.compiler.management jdk.jartool jdk.javadoc jdk.jcmd jdk.management jdk.management.agent jdk.jconsole jdk.jdeps jdk.jdwp.agent jdk.jdi jdk.jfr jdk.jlink jdk.jpackage jdk.jshell jdk.jsobject jdk.jstatd jdk.localedata jdk.management.jfr jdk.naming.dns jdk.naming.rmi jdk.net jdk.nio.mapmode jdk.random jdk.sctp jdk.security.auth jdk.security.jgss jdk.unsupported jdk.unsupported.desktop jdk.xml.dom" 
OS_ARCH="x86_64" 
OS_NAME="Windows" 
SOURCE=".:git:759062135b07" 
BUILD_SOURCE="git:839fa0b45d809157cffd3dc8515aad262a4a1776"
BUILD_SOURCE_REPO="https://github.com/adoptium/temurin-build.git"
SOURCE_REPO="https://github.com/adoptium/jdk21u.git"
FULL_VERSION="21.0.9+10-LTS"
SEMANTIC_VERSION="21.0.9+10"
BUILD_INFO="OS: Windows Server 2022 Version: 10.0"
JVM_VARIANT="Hotspot"
JVM_VERSION="21.0.9+10-LTS"
IMAGE_TYPE="JDK"

Environment Variables:
PATH=D:\Program Files\Eclipse Adoptium\jdk-21.0.9.10-hotspot\bin;D:\Program Files\Eclipse Adoptium\jdk-25.0.1.8-hotspot\bin;C:\Program Files\Common Files\Oracle\Java\javapath;C:\Program Files (x86)\Common Files\Oracle\Java\java8path;C:\Program Files (x86)\Common Files\Oracle\Java\javapath;D:\Program Files (x86)\VMware\VMware Player\bin\;C:\Program Files\Microsoft MPI\Bin\;C:\WINDOWS\system32;C:\WINDOWS;C:\WINDOWS\System32\Wbem;C:\WINDOWS\System32\WindowsPowerShell\v1.0\;C:\WINDOWS\System32\OpenSSH\;C:\Program Files\dotnet\;C:\Program Files (x86)\NVIDIA Corporation\PhysX\Common;C:\Program Files\NVIDIA Corporation\NVIDIA app\NvDLISR;C:\Program Files\ACE Studio;C:\Program Files\Git\cmd;D:\Windows Kits\10\Windows Performance Toolkit\;D:\Program Files\nodejs\;C:\Program Files\Tailscale\;C:\WINDOWS\system32\config\systemprofile\AppData\Local\Muse Hub\lib;;D:\Program Files\Go\bin;C:\Program Files\AppControl\bin;C:\Program Files\Cloudflare\Cloudflare WARP\;d:\Users\jacob\AppData\Local\Programs\cursor\resources\app\codeBin;C:\Users\jacob\AppData\Local\Programs\Python\Python312\Scripts\;C:\Users\jacob\AppData\Local\Programs\Python\Python312\;C:\Users\jacob\AppData\Local\Programs\Python\Launcher\;C:\Users\jacob\AppData\Local\Microsoft\WindowsApps;D:\Users\jacob\AppData\Local\Programs\Microsoft VS Code\bin;D:\App_Data\MSYS2\ucrt64\bin;;C:\Users\jacob\.lmstudio\bin;C:\Users\jacob\AppData\Roaming\npm;D:\App_Data\Ollama;C:\Users\jacob\AppData\Local\Microsoft\WinGet\Links;D:\Users\jacob\AppData\Local\Programs\cursor\resources\app\bin;C:\Users\jacob\AppData\Local\Muse Hub\lib;C:\Users\jacob\go\bin
USERNAME=jacob
OS=Windows_NT
PROCESSOR_IDENTIFIER=Intel64 Family 6 Model 183 Stepping 1, GenuineIntel
TMP=D:\Users\jacob\AppData\Local\Temp
TEMP=D:\Users\jacob\AppData\Local\Temp




Periodic native trim disabled

---------------  S Y S T E M  ---------------

OS:
 Windows 11 , 64 bit Build 26100 (10.0.26100.8328)
OS uptime: 0 days 0:06 hours
Hyper-V role detected

CPU: total 32 (initial active 32) (16 cores per cpu, 2 threads per core) family 6 model 183 stepping 1 microcode 0x120, cx8, cmov, fxsr, ht, mmx, 3dnowpref, sse, sse2, sse3, ssse3, sse4.1, sse4.2, popcnt, lzcnt, tsc, tscinvbit, avx, avx2, aes, erms, clmul, bmi1, bmi2, adx, sha, fma, vzeroupper, clflush, clflushopt, clwb, hv, serialize, rdtscp, rdpid, fsrm, f16c, cet_ibt, cet_ss
Processor Information for processor 0
  Max Mhz: 2200, Current Mhz: 1466, Mhz Limit: 2200
Processor Information for processor 1
  Max Mhz: 2200, Current Mhz: 2200, Mhz Limit: 2200
Processor Information for processor 2
  Max Mhz: 2200, Current Mhz: 2200, Mhz Limit: 2200
Processor Information for processor 3
  Max Mhz: 2200, Current Mhz: 2200, Mhz Limit: 2200
Processor Information for processor 4
  Max Mhz: 2200, Current Mhz: 2200, Mhz Limit: 2200
Processor Information for processor 5
  Max Mhz: 2200, Current Mhz: 2200, Mhz Limit: 2200
Processor Information for processor 6
  Max Mhz: 2200, Current Mhz: 2200, Mhz Limit: 2200
Processor Information for processor 7
  Max Mhz: 2200, Current Mhz: 2200, Mhz Limit: 2200
Processor Information for processor 8
  Max Mhz: 2200, Current Mhz: 2200, Mhz Limit: 2200
Processor Information for processor 9
  Max Mhz: 2200, Current Mhz: 2200, Mhz Limit: 2200
Processor Information for processor 10
  Max Mhz: 2200, Current Mhz: 2200, Mhz Limit: 2200
Processor Information for processor 11
  Max Mhz: 2200, Current Mhz: 2200, Mhz Limit: 2200
Processor Information for processor 12
  Max Mhz: 2200, Current Mhz: 2200, Mhz Limit: 2200
Processor Information for processor 13
  Max Mhz: 2200, Current Mhz: 2200, Mhz Limit: 2200
Processor Information for processor 14
  Max Mhz: 2200, Current Mhz: 2200, Mhz Limit: 2200
Processor Information for processor 15
  Max Mhz: 2200, Current Mhz: 2200, Mhz Limit: 2200
Processor Information for processor 16
  Max Mhz: 2200, Current Mhz: 1500, Mhz Limit: 1584
Processor Information for processor 17
  Max Mhz: 2200, Current Mhz: 1500, Mhz Limit: 1584
Processor Information for processor 18
  Max Mhz: 2200, Current Mhz: 1500, Mhz Limit: 1584
Processor Information for processor 19
  Max Mhz: 2200, Current Mhz: 1500, Mhz Limit: 1584
Processor Information for processor 20
  Max Mhz: 2200, Current Mhz: 1500, Mhz Limit: 1584
Processor Information for processor 21
  Max Mhz: 2200, Current Mhz: 1500, Mhz Limit: 1584
Processor Information for processor 22
  Max Mhz: 2200, Current Mhz: 1500, Mhz Limit: 1584
Processor Information for processor 23
  Max Mhz: 2200, Current Mhz: 1500, Mhz Limit: 1584
Processor Information for processor 24
  Max Mhz: 2200, Current Mhz: 1500, Mhz Limit: 1584
Processor Information for processor 25
  Max Mhz: 2200, Current Mhz: 1500, Mhz Limit: 1584
Processor Information for processor 26
  Max Mhz: 2200, Current Mhz: 1500, Mhz Limit: 1584
Processor Information for processor 27
  Max Mhz: 2200, Current Mhz: 1500, Mhz Limit: 1584
Processor Information for processor 28
  Max Mhz: 2200, Current Mhz: 1500, Mhz Limit: 1584
Processor Information for processor 29
  Max Mhz: 2200, Current Mhz: 1500, Mhz Limit: 1584
Processor Information for processor 30
  Max Mhz: 2200, Current Mhz: 1500, Mhz Limit: 1584
Processor Information for processor 31
  Max Mhz: 2200, Current Mhz: 1500, Mhz Limit: 1584

Memory: 4k page, system-wide physical 32502M (14686M free)
TotalPageFile size 35702M (AvailPageFile size 18140M)
current process WorkingSet (physical memory assigned to process): 967M, peak: 968M
current process commit charge ("private bytes"): 1032M, peak: 1033M

vm_info: OpenJDK 64-Bit Server VM (21.0.9+10-LTS) for windows-amd64 JRE (21.0.9+10-LTS), built on 2025-10-21T00:00:00Z by "admin" with unknown MS VC++:1942

END.
